-- phpMyAdmin SQL Dump
-- version 5.2.1
-- https://www.phpmyadmin.net/
--
-- Hôte : 127.0.0.1
-- Généré le : dim. 22 mars 2026 à 16:17
-- Version du serveur : 10.4.32-MariaDB
-- Version de PHP : 8.2.12

SET SQL_MODE = "NO_AUTO_VALUE_ON_ZERO";
START TRANSACTION;
SET time_zone = "+00:00";


/*!40101 SET @OLD_CHARACTER_SET_CLIENT=@@CHARACTER_SET_CLIENT */;
/*!40101 SET @OLD_CHARACTER_SET_RESULTS=@@CHARACTER_SET_RESULTS */;
/*!40101 SET @OLD_COLLATION_CONNECTION=@@COLLATION_CONNECTION */;
/*!40101 SET NAMES utf8mb4 */;

--
-- Base de données : `datasense`
--

-- --------------------------------------------------------

--
-- Structure de la table `departement`
--

CREATE TABLE `departement` (
  `code` varchar(3) NOT NULL,
  `nom` varchar(255) NOT NULL,
  `code_region` varchar(10) DEFAULT NULL
) ENGINE=InnoDB DEFAULT CHARSET=utf8mb4 COLLATE=utf8mb4_general_ci;

--
-- Déchargement des données de la table `departement`
--

INSERT INTO `departement` (`code`, `nom`, `code_region`) VALUES
('1', 'Ain', '84'),
('10', 'Aube', '44'),
('11', 'Aude', '76'),
('12', 'Aveyron', '76'),
('13', 'Bouches-du-Rhône', '93'),
('14', 'Calvados', '28'),
('15', 'Cantal', '84'),
('16', 'Charente', '75'),
('17', 'Charente-Maritime', '75'),
('18', 'Cher', '24'),
('19', 'Corrèze', '75'),
('2', 'Aisne', '32'),
('21', 'Côte-d\'Or', '27'),
('22', 'Côtes-d\'Armor', '53'),
('23', 'Creuse', '75'),
('24', 'Dordogne', '75'),
('25', 'Doubs', '27'),
('26', 'Drôme', '84'),
('27', 'Eure', '28'),
('28', 'Eure-et-Loir', '24'),
('29', 'Finistère', '53'),
('2A', 'Corse-du-Sud', '94'),
('2B', 'Haute-Corse', '94'),
('3', 'Allier', '84'),
('30', 'Gard', '76'),
('31', 'Haute-Garonne', '76'),
('32', 'Gers', '76'),
('33', 'Gironde', '75'),
('34', 'Hérault', '76'),
('35', 'Ille-et-Vilaine', '53'),
('36', 'Indre', '24'),
('37', 'Indre-et-Loire', '24'),
('38', 'Isère', '84'),
('39', 'Jura', '27'),
('4', 'Alpes-de-Haute-Provence', '93'),
('40', 'Landes', '75'),
('41', 'Loir-et-Cher', '24'),
('42', 'Loire', '84'),
('43', 'Haute-Loire', '84'),
('44', 'Loire-Atlantique', '52'),
('45', 'Loiret', '24'),
('46', 'Lot', '76'),
('47', 'Lot-et-Garonne', '75'),
('48', 'Lozère', '76'),
('49', 'Maine-et-Loire', '52'),
('5', 'Hautes-Alpes', '93'),
('50', 'Manche', '28'),
('51', 'Marne', '44'),
('52', 'Haute-Marne', '44'),
('53', 'Mayenne', '52'),
('54', 'Meurthe-et-Moselle', '44'),
('55', 'Meuse', '44'),
('56', 'Morbihan', '53'),
('57', 'Moselle', '44'),
('58', 'Nièvre', '27'),
('59', 'Nord', '32'),
('6', 'Alpes-Maritimes', '93'),
('60', 'Oise', '32'),
('61', 'Orne', '28'),
('62', 'Pas-de-Calais', '32'),
('63', 'Puy-de-Dôme', '84'),
('64', 'Pyrénées-Atlantiques', '75'),
('65', 'Hautes-Pyrénées', '76'),
('66', 'Pyrénées-Orientales', '76'),
('67', 'Bas-Rhin', '44'),
('68', 'Haut-Rhin', '44'),
('69', 'Rhône', '84'),
('7', 'Ardèche', '84'),
('70', 'Haute-Saône', '27'),
('71', 'Saône-et-Loire', '27'),
('72', 'Sarthe', '52'),
('73', 'Savoie', '84'),
('74', 'Haute-Savoie', '84'),
('75', 'Paris', '11'),
('76', 'Seine-Maritime', '28'),
('77', 'Seine-et-Marne', '11'),
('78', 'Yvelines', '11'),
('79', 'Deux-Sèvres', '75'),
('8', 'Ardennes', '44'),
('80', 'Somme', '32'),
('81', 'Tarn', '76'),
('82', 'Tarn-et-Garonne', '76'),
('83', 'Var', '93'),
('84', 'Vaucluse', '93'),
('85', 'Vendée', '52'),
('86', 'Vienne', '75'),
('87', 'Haute-Vienne', '75'),
('88', 'Vosges', '44'),
('89', 'Yonne', '27'),
('9', 'Ariège', '76'),
('90', 'Territoire de Belfort', '27'),
('91', 'Essonne', '11'),
('92', 'Hauts-de-Seine', '11'),
('93', 'Seine-Saint-Denis', '11'),
('94', 'Val-de-Marne', '11'),
('95', 'Val-d\'Oise', '11'),
('971', 'Guadeloupe', '1'),
('972', 'Martinique', '2'),
('973', 'Guyane', '3'),
('974', 'La Réunion', '4');

-- --------------------------------------------------------

--
-- Structure de la table `doctrine_migration_versions`
--

CREATE TABLE `doctrine_migration_versions` (
  `version` varchar(191) NOT NULL,
  `executed_at` datetime DEFAULT NULL,
  `execution_time` int(11) DEFAULT NULL
) ENGINE=InnoDB DEFAULT CHARSET=utf8mb4 COLLATE=utf8mb4_general_ci;

--
-- Déchargement des données de la table `doctrine_migration_versions`
--

INSERT INTO `doctrine_migration_versions` (`version`, `executed_at`, `execution_time`) VALUES
('DoctrineMigrations\\Version20260311080523', '2026-03-18 08:18:17', 0);

-- --------------------------------------------------------

--
-- Structure de la table `messenger_messages`
--

CREATE TABLE `messenger_messages` (
  `id` bigint(20) NOT NULL,
  `body` longtext NOT NULL,
  `headers` longtext NOT NULL,
  `queue_name` varchar(190) NOT NULL,
  `created_at` datetime NOT NULL,
  `available_at` datetime NOT NULL,
  `delivered_at` datetime DEFAULT NULL
) ENGINE=InnoDB DEFAULT CHARSET=utf8mb4 COLLATE=utf8mb4_general_ci;

-- --------------------------------------------------------

--
-- Structure de la table `region`
--

CREATE TABLE `region` (
  `code` varchar(10) NOT NULL,
  `nom` varchar(255) NOT NULL
) ENGINE=InnoDB DEFAULT CHARSET=utf8mb4 COLLATE=utf8mb4_general_ci;

--
-- Déchargement des données de la table `region`
--

INSERT INTO `region` (`code`, `nom`) VALUES
('1', 'GUADELOUPE'),
('11', 'ÎLE-DE-FRANCE'),
('2', 'MARTINIQUE'),
('24', 'CENTRE-VAL DE LOIRE'),
('27', 'BOURGOGNE-FRANCHE-COMTÉ'),
('28', 'NORMANDIE'),
('3', 'GUYANE'),
('32', 'HAUTS-DE-FRANCE'),
('4', 'LA RÉUNION'),
('44', 'GRAND EST'),
('52', 'PAYS DE LA LOIRE'),
('53', 'BRETAGNE'),
('75', 'NOUVELLE-AQUITAINE'),
('76', 'OCCITANIE'),
('84', 'AUVERGNE-RHÔNE-ALPES'),
('93', 'PROVENCE-ALPES-CÔTE D\'AZUR'),
('94', 'CORSE');

-- --------------------------------------------------------

--
-- Structure de la table `statistique_logement`
--

CREATE TABLE `statistique_logement` (
  `id` int(11) NOT NULL,
  `annee_publication` smallint(6) NOT NULL,
  `nombre_habitants` int(11) DEFAULT NULL,
  `densite_population` decimal(10,2) DEFAULT NULL,
  `variation_population_10_ans` decimal(6,2) DEFAULT NULL,
  `contribution_solde_naturel` decimal(6,2) DEFAULT NULL,
  `contribution_solde_migratoire` decimal(6,2) DEFAULT NULL,
  `pourcentage_moins_20_ans` decimal(5,2) DEFAULT NULL,
  `pourcentage_plus_60_ans` decimal(5,2) DEFAULT NULL,
  `taux_chomage_t4` decimal(5,2) DEFAULT NULL,
  `taux_pauvrete` decimal(5,2) DEFAULT NULL,
  `nombre_logements` int(11) DEFAULT NULL,
  `nombre_residences_principales` int(11) DEFAULT NULL,
  `taux_logements_sociaux` decimal(5,2) DEFAULT NULL,
  `taux_logements_vacants` decimal(5,2) DEFAULT NULL,
  `taux_logements_individuels` decimal(5,2) DEFAULT NULL,
  `moyenne_annuelle_construction_neuve_10_ans` int(11) DEFAULT NULL,
  `construction` decimal(8,2) DEFAULT NULL,
  `parc_social_nombre_logements` int(11) DEFAULT NULL,
  `parc_social_logements_mis_location` int(11) DEFAULT NULL,
  `parc_social_logements_demolis` int(11) DEFAULT NULL,
  `parc_social_ventes_personnes_physiques` int(11) DEFAULT NULL,
  `parc_social_taux_logements_vacants` decimal(5,2) DEFAULT NULL,
  `parc_social_taux_logements_individuels` decimal(5,2) DEFAULT NULL,
  `parc_social_loyer_moyen` decimal(6,2) DEFAULT NULL,
  `parc_social_age_moyen` decimal(5,2) DEFAULT NULL,
  `parc_social_taux_logements_energivores` decimal(5,2) DEFAULT NULL,
  `code_departement` varchar(3) NOT NULL
) ENGINE=InnoDB DEFAULT CHARSET=utf8mb4 COLLATE=utf8mb4_general_ci;

--
-- Déchargement des données de la table `statistique_logement`
--

INSERT INTO `statistique_logement` (`id`, `annee_publication`, `nombre_habitants`, `densite_population`, `variation_population_10_ans`, `contribution_solde_naturel`, `contribution_solde_migratoire`, `pourcentage_moins_20_ans`, `pourcentage_plus_60_ans`, `taux_chomage_t4`, `taux_pauvrete`, `nombre_logements`, `nombre_residences_principales`, `taux_logements_sociaux`, `taux_logements_vacants`, `taux_logements_individuels`, `moyenne_annuelle_construction_neuve_10_ans`, `construction`, `parc_social_nombre_logements`, `parc_social_logements_mis_location`, `parc_social_logements_demolis`, `parc_social_ventes_personnes_physiques`, `parc_social_taux_logements_vacants`, `parc_social_taux_logements_individuels`, `parc_social_loyer_moyen`, `parc_social_age_moyen`, `parc_social_taux_logements_energivores`, `code_departement`) VALUES
(1, 2023, 140230, 25.00, 1.17, -0.81, 1.99, 20.79, 33.46, 6.70, 13.90, 138751, 67476, 12.00, 6.00, 44.00, 1271, 1964.00, 8016, 74, 0, 24, 2.56, 26.91, 5.30, 40.00, 52.00, '5'),
(2, 2022, 2056455, 402.00, 4.08, 4.24, -0.17, 24.00, 27.00, 9.10, 17.90, 1044973, 916900, 18.00, 8.00, 37.00, 12816, 11574.00, 162109, 2007, 338, 401, 2.25, 6.03, 5.93, 40.00, 5.00, '13'),
(3, 2021, 379707, 233.00, -5.86, 4.33, -10.20, 24.00, 27.00, 19.40, NULL, 229421, 172818, 21.53, 15.24, 74.67, 3437, 2956.00, 37208, 140, 0, 1593, 5.65, 5.75, 6.15, 20.00, NULL, '971'),
(4, 2023, 276600, 45.00, -4.91, -3.01, -1.91, 21.69, 34.18, 6.40, 15.00, 164988, 129291, 16.00, 11.00, 80.00, 483, 641.00, 21228, 107, 40, 2, 6.84, 25.64, 4.94, 44.00, 36.00, '61'),
(5, 2023, 430512, 73.00, 0.02, 2.35, -2.33, 25.03, 27.41, 6.60, 11.80, 218433, 186252, 18.00, 9.00, 74.00, 2060, 3752.00, 32832, 517, 73, 93, 3.69, 6.25, 5.19, 40.00, 22.00, '28'),
(6, 2023, 217378, 32.00, -5.56, -5.64, 0.08, 19.75, 36.44, 7.00, 14.60, 138959, 105611, 16.00, 13.00, 83.00, 442, 540.00, 17397, 105, 172, 73, 3.76, 16.07, 5.31, 39.00, 26.00, '36'),
(7, 2022, 1434439, 223.00, 13.82, 5.86, 7.96, 24.00, 22.00, 8.00, 13.30, 740546, 654629, 14.00, 7.00, 49.00, 14941, 13084.00, 94394, 3243, 87, 444, 1.74, 15.24, 6.34, 26.00, 6.00, '31'),
(8, 2022, 378068, 61.00, 5.03, -2.70, 7.73, 21.00, 34.00, 10.50, 20.00, 265167, 175600, 10.00, 8.00, 71.00, 2143, 2674.00, 18191, 331, 0, 25, 2.74, 29.60, 5.47, 38.00, 9.00, '11'),
(9, 2022, 600924, 87.00, 1.10, -3.24, 4.34, 22.00, 34.00, 6.80, 12.10, 371643, 278422, 8.00, 9.00, 82.00, 3239, 4299.00, 23322, 300, 0, 10, 1.87, 41.75, 5.11, 32.00, 13.00, '22'),
(10, 2021, 1882578, 579.00, 9.12, 7.82, 1.30, 25.00, 22.00, 7.30, 14.20, 926575, 829300, 21.18, 7.34, 28.59, 13653, 11750.00, 175627, 2955, 903, 481, 1.72, 3.36, 6.12, 40.00, 23.00, '69'),
(11, 2021, 492896, 83.00, -1.17, -1.46, 0.29, 21.00, 32.00, 5.80, 12.00, 298631, 228960, 16.52, 8.37, 79.89, 2214, 2077.00, 37820, 62, 1, 11, 3.20, 40.24, 4.73, 42.00, 34.00, '50'),
(12, 2023, 144123, 25.00, -2.34, -6.95, 4.61, 18.98, 36.56, 4.10, 13.20, 102234, 69236, 9.00, 12.00, 76.00, 508, 534.00, 6156, 34, 105, 9, 3.07, 17.67, 5.20, 36.00, 32.00, '15'),
(13, 2023, 1436079, 243.00, 7.30, 8.07, -0.77, 27.17, 20.98, 6.60, 11.70, 634163, 571820, 19.00, 7.00, 57.00, 10738, 11227.00, 110951, 2247, 74, 261, 2.43, 19.94, 6.39, 36.00, 20.00, '77'),
(14, 2023, 526983, 72.00, -2.65, 0.55, -3.19, 24.51, 28.11, 10.30, 18.00, 267555, 231594, 18.00, 10.00, 76.00, 1277, 1490.00, 40989, 254, 40, 175, 3.64, 25.02, 5.37, 40.00, 37.00, '2'),
(15, 2022, 165171, 24.00, 2.62, -2.72, 5.33, 21.00, 35.00, 9.10, 16.60, 129690, 78495, 10.00, 8.00, 61.00, 859, 1170.00, 7540, 16, 0, 14, 3.38, 26.91, 5.87, 29.00, 24.00, '4'),
(16, 2022, 684609, 101.00, 3.79, 3.35, 0.44, 25.00, 27.00, 7.20, 13.20, 348977, 300347, 17.00, 9.00, 68.00, 3453, 4493.00, 51374, 324, 150, 149, 3.41, 24.81, 5.78, 36.00, 18.00, '45'),
(17, 2021, 608781, 99.00, 3.09, 1.76, 1.33, 23.00, 28.00, 6.90, 13.00, 325171, 281840, 17.99, 8.64, 62.95, 3623, 3325.00, 50703, 786, 16, 137, 2.84, 18.49, 5.33, 39.00, 13.00, '37'),
(18, 2023, 1102251, 256.00, 1.94, 0.06, 1.88, 21.04, 31.31, 7.20, 16.20, 783398, 519776, 12.00, 8.00, 24.00, 6846, 6624.00, 60251, 1611, 12, 66, 1.81, 13.13, 6.70, 33.00, 5.00, '6'),
(19, 2022, 1045213, 167.00, 0.01, 0.76, -0.76, 22.00, 28.00, 7.80, 15.30, 523268, 463372, 17.00, 9.00, 55.00, 5326, 6960.00, 78499, 664, 68, 279, 4.17, 12.30, 5.53, 47.00, 16.00, '57'),
(20, 2023, 519421, 80.00, 6.44, 2.13, 4.31, 23.75, 29.16, 7.70, 14.40, 279948, 233506, 13.00, 9.00, 64.00, 3157, 3352.00, 29646, 787, 197, 110, 1.85, 28.30, 5.53, 35.00, 11.00, '26'),
(21, 2023, 769112, 161.00, 2.68, 1.55, 1.13, 24.17, 28.96, 7.10, 15.00, 403254, 345635, 17.00, 10.00, 51.00, 3319, 4729.00, 60359, 1049, 195, 194, 5.97, 25.14, 5.17, 45.00, 18.00, '42'),
(22, 2023, 485651, 118.00, 7.32, -2.32, 9.64, 21.54, 33.49, 11.70, 20.70, 359151, 229563, 11.00, 8.00, 56.00, 3599, 3546.00, 25888, 724, 60, 46, 3.75, 34.67, 5.52, 29.00, 1.00, '66'),
(23, 2022, 185528, 40.00, 10.01, -0.77, 10.78, 20.00, 30.00, 7.30, 20.10, 133540, 81397, 11.00, 3.00, 51.00, 2108, 2417.00, 9014, 239, 0, 47, 1.99, 10.47, 5.64, 34.00, 10.00, '2B'),
(24, 2022, 660875, 114.00, 9.45, 4.00, 5.45, 26.00, 24.00, 5.90, 10.50, 321432, 277345, 17.00, 8.00, 63.00, 5363, 5772.00, 47407, 910, 36, 157, 3.85, 17.11, 5.90, 31.00, 33.00, '1'),
(25, 2022, 279997, 32.00, 1.52, -4.34, 5.86, 20.00, 35.00, 5.90, 14.00, 182769, 131225, 7.00, 11.00, 74.00, 1265, 1376.00, 8622, 9, 4, 14, 3.99, 16.78, 4.76, 43.00, 20.00, '12'),
(26, 2022, 612237, 99.00, 3.13, 1.43, 1.69, 23.00, 29.00, 6.80, 12.40, 328095, 283871, 18.00, 9.00, 63.00, 3641, 4500.00, 51925, 308, 52, 155, 2.31, 19.21, 5.37, 39.00, 13.00, '37'),
(27, 2022, 439852, 72.00, 4.99, 2.24, 2.74, 23.00, 28.00, 6.50, 10.30, 352254, 199957, 18.00, 6.00, 38.00, 4490, 5767.00, 35004, 435, 105, 53, 2.66, 5.53, 5.97, 37.00, 26.00, '73'),
(28, 2021, 856858, 342.00, 4.35, 11.41, -7.06, 29.00, 18.00, 17.40, 38.90, 376047, 332399, 23.23, 8.71, 66.05, 7394, 6563.00, 77216, 1638, 15, 116, 1.44, 13.77, 6.07, 19.00, NULL, '974'),
(29, 2023, 1099074, 162.00, 10.30, 4.22, 6.08, 24.91, 24.16, 5.40, 10.70, 546440, 471034, 16.00, 7.00, 59.00, 9866, 10930.00, 75378, 1130, 117, 150, 1.93, 29.65, 5.60, 32.00, 9.00, '35'),
(30, 2023, 614119, 100.00, 3.44, 1.43, 2.01, 23.03, 28.50, 6.30, 12.40, 330454, 286623, 18.00, 9.00, 62.00, 3634, 4369.00, 52275, 483, 9, 103, 2.61, 47.91, 5.39, 40.00, 13.00, '37'),
(31, 2023, 371487, 67.00, -1.22, -1.77, 0.56, 21.01, 32.25, 6.30, 15.30, 221779, 183146, 14.00, 10.00, 66.00, 1436, 2024.00, 26483, 301, 48, 47, 3.10, 16.33, 5.18, 46.00, 10.00, '87'),
(32, 2023, 181165, 29.00, -6.40, -1.63, -4.77, 22.15, 31.19, 7.30, 14.20, 100007, 83065, 12.00, 12.00, 76.00, 303, 493.00, 9758, 1, 345, 18, 5.86, 4.31, 5.12, 45.00, 24.00, '55'),
(33, 2022, 1090123, 181.00, 7.64, -1.04, 8.68, 21.00, 34.00, 8.20, 15.30, 729223, 501337, 11.00, 6.00, 47.00, 8647, 8011.00, 53552, 1247, 0, 29, 3.34, 6.25, 5.83, 32.00, 2.00, '83'),
(34, 2022, 1457875, 635.00, 3.13, 7.68, -4.55, 27.00, 23.00, 6.70, 9.70, 649383, 590685, 22.00, 6.00, 42.00, 8668, 8455.00, 129509, 2300, 183, 196, 2.60, 5.14, 6.72, 39.00, 17.00, '78'),
(35, 2022, 392053, 68.00, 3.81, -2.09, 5.89, 22.00, 33.00, 8.00, 15.30, 214423, 178826, 9.00, 9.00, 79.00, 1893, 2631.00, 15454, 151, 50, 44, 4.58, 18.42, 4.99, 44.00, 22.00, '81'),
(36, 2022, 1668164, 7025.00, 9.04, 13.99, -4.96, 29.00, 17.00, 10.90, 27.60, 687238, 638197, 37.00, 6.00, 24.00, 13400, 11531.00, 235058, 3328, 460, 146, 2.32, 1.67, 6.78, 42.00, 11.00, '93'),
(37, 2022, 290528, 3.00, 22.30, 29.57, -7.27, 41.00, 10.00, 14.50, NULL, 94768, 82045, 23.61, 11.00, 60.00, 1849, 1998.00, 19373, 119053, 149, 47, 6.00, 25.00, 6.40, 20.00, NULL, '973'),
(38, 2022, 1461267, 212.00, 12.72, 4.43, 8.29, 25.00, 24.00, 6.50, 10.00, 764010, 641172, 14.00, 6.00, 61.00, 12816, 12601.00, 92148, 1494, 162, 293, 1.64, 16.33, 5.88, 32.00, 3.00, '44'),
(39, 2021, 349878, 58.00, -0.48, -2.12, 1.63, 20.00, 33.00, 7.50, 15.00, 198241, 164551, 9.76, 10.59, 82.77, 1382, 1179.00, 16066, 170, 0, 23, 3.72, 20.76, 5.17, 40.00, 13.00, '16'),
(40, 2023, 767636, 218.00, 1.94, 2.17, -0.24, 22.96, 27.24, 6.80, 13.20, 386082, 338153, 15.00, 9.00, 52.00, 4163, 6265.00, 50403, 572, 184, 99, 2.85, 24.78, 5.65, 46.00, 25.00, '68'),
(41, 2023, 1895426, 583.00, 8.67, 7.98, 0.69, 25.15, 22.35, 6.20, 14.10, 949531, 847309, 21.00, 7.00, 28.00, 12922, 11559.00, 180063, 2854, 1006, 504, 2.17, 12.96, 6.23, 41.00, 16.00, '69'),
(42, 2023, 698670, 126.00, 1.96, 0.60, 1.36, 23.29, 29.01, 6.30, 11.90, 426069, 320938, 19.00, 7.00, 60.00, 5056, 6162.00, 60144, 584, 540, 72, 2.59, 8.16, 5.68, 37.00, 18.00, '14'),
(43, 2022, 76604, 15.00, -0.72, -5.01, 4.29, 20.00, 34.00, 4.90, 14.90, 61547, 35342, 8.00, 10.00, 78.00, 366, 418.00, 2891, 8, 4, 1, 6.54, 16.15, 5.20, 38.00, 38.00, '48'),
(44, 2022, 216392, 32.00, -5.99, -5.64, -0.35, 20.00, 36.00, 7.40, 14.60, 138826, 105404, 17.00, 13.00, 83.00, 462, 628.00, 17539, 60, 0, 58, 4.04, 35.78, 5.30, 38.00, 26.00, '36'),
(45, 2022, 669014, 84.00, 5.28, 0.32, 4.96, 22.00, 29.00, 6.80, 13.20, 392038, 311902, 14.00, 10.00, 63.00, 3821, 4981.00, 43602, 592, 8, 198, 3.03, 15.71, 5.47, 37.00, 11.00, '63'),
(46, 2022, 267127, 51.00, -5.65, -0.65, -5.00, 23.00, 30.00, 9.50, 18.30, 142983, 121244, 20.00, 12.00, 71.00, 653, 736.00, 24336, 119, 4, 37, 4.37, 23.80, 5.05, 41.00, 17.00, '8'),
(47, 2022, 656951, 95.00, 5.00, -3.91, 8.91, 20.00, 36.00, 7.90, 12.40, 440935, 311814, 10.00, 7.00, 77.00, 5524, 6238.00, 29722, 457, 220, 60, 1.58, 23.44, 5.56, 33.00, 3.00, '17'),
(48, 2021, 310161, 51.00, 2.25, 1.03, 1.23, 24.00, 28.00, 10.00, 16.20, 165501, 141918, 22.68, 9.52, 65.69, 1448, 1431.00, 32186, 717, 64, 171, 3.70, 23.83, 5.37, 39.00, 27.00, '10'),
(49, 2021, 411528, 45.00, -0.63, -4.93, 4.29, 18.00, 37.00, 7.90, 16.30, 260245, 195895, 7.28, 10.31, 84.29, 1942, 1992.00, 14256, 119, 29, 4, 7.32, 41.15, 5.21, 34.00, 18.00, '24'),
(50, 2021, 334626, 45.00, -2.30, -1.57, -0.73, 22.00, 32.00, 6.90, 14.50, 197683, 153251, 13.58, 11.79, 77.88, 933, 797.00, 20815, 138, 23, 55, 4.52, 20.04, 5.22, 39.00, 25.00, '89'),
(51, 2021, 1409629, 223.00, 13.35, 5.67, 7.68, 24.00, 22.00, 8.20, 13.30, 728248, 643337, 14.24, 7.26, 49.36, 15649, 15011.00, 91643, 3265, 330, 610, 1.84, 14.75, 6.23, 26.00, 11.00, '31'),
(52, 2021, 140349, 25.00, 2.47, -0.12, 2.58, 21.00, 32.00, 7.50, 13.90, 136581, 66428, 12.00, 5.84, 43.19, 1155, 1177.00, 7972, 96, 1, 5, 2.72, 13.17, 5.29, 38.00, 50.00, '5'),
(53, 2022, 534164, 61.00, 1.57, 1.22, 0.34, 22.00, 28.00, 5.80, 11.50, 292479, 251175, 15.00, 9.00, 54.00, 3064, 3323.00, 37029, 477, 313, 103, 2.58, 8.61, 5.77, 35.00, 16.00, '21'),
(54, 2022, 841639, 190.00, 12.67, 6.28, 6.39, 25.00, 23.00, 6.50, 9.40, 525404, 366281, 14.00, 6.00, 40.00, 10755, 10038.00, 50419, 1303, 2, 63, 1.60, 2.48, 6.33, 28.00, 14.00, '74'),
(55, 2021, 371228, 67.00, -1.32, -1.22, -0.10, 21.00, 32.00, 7.20, 15.50, 220762, 182193, 14.37, 9.68, 66.24, 1382, 1350.00, 26183, 313, 38, 24, 4.51, 11.34, 5.08, 44.00, 14.00, '87'),
(56, 2021, 76573, 14.00, -0.66, -4.05, 3.39, 20.00, 33.00, 4.70, 14.50, 61340, 35191, 8.22, 10.44, 78.15, 396, 361.00, 2893, 25, 0, 4, 7.40, 16.25, 5.16, 37.00, 39.00, '48'),
(57, 2022, 563998, 69.00, -0.45, 2.43, -2.88, 24.00, 26.00, 7.40, 14.20, 297288, 261398, 28.00, 9.00, 55.00, 2859, 2834.00, 73671, 482, 224, 347, 3.73, 17.72, 5.42, 40.00, 19.00, '51'),
(58, 2022, 1310435, 726.00, 6.96, 9.50, -2.55, 27.00, 21.00, 6.90, 13.20, 570417, 523349, 24.00, 7.00, 46.00, 8965, 8236.00, 127420, 2635, 0, 154, 2.83, 4.66, 6.59, 36.00, 12.00, '91'),
(59, 2021, 374608, 62.00, 1.45, -0.47, 1.92, 22.00, 30.00, 5.60, 12.30, 195050, 167961, 9.33, 9.13, 85.79, 1381, 1069.00, 15665, 216, 96, 73, 3.27, 49.89, 5.11, 35.00, 31.00, '79'),
(60, 2021, 1657893, 7024.00, 8.93, 13.26, -4.34, 29.00, 16.00, 11.10, 28.40, 679663, 632024, 36.55, 5.91, 23.55, 13189, 16549.00, 231016, 3776, 285, 127, 1.84, 1.62, 6.60, 41.00, 18.00, '93'),
(61, 2023, 549467, 64.00, -1.17, -2.59, 1.41, 21.48, 33.69, 6.40, 12.80, 312880, 257547, 17.00, 10.00, 70.00, 1791, 2246.00, 42767, 243, 106, 82, 6.70, 35.30, 5.38, 46.00, 20.00, '71'),
(62, 2022, 2607879, 453.00, 1.11, 4.55, -3.43, 26.00, 24.00, 9.80, 18.40, 1232504, 1116712, 25.00, 8.00, 66.00, 12405, 12512.00, 275273, 2965, 143, 792, 1.19, 35.30, 5.70, 41.00, 19.00, '59'),
(63, 2022, 2147716, 20515.00, -4.54, 6.75, -11.30, 19.00, 23.00, 6.40, 15.40, 1389375, 1137759, 21.00, 9.00, 1.00, 3963, 2503.00, 236748, 2142, 8, 0, 2.15, 0.07, 8.20, 57.00, 13.00, '75'),
(64, 2022, 262863, 70.00, 7.49, 0.52, 6.97, 24.00, 29.00, 9.10, 16.30, 133522, 112575, 8.00, 10.00, 79.00, 1322, 1865.00, 8822, 140, 0, 11, 2.61, 38.64, 5.51, 31.00, 15.00, '82'),
(65, 2021, 165232, 23.00, 3.17, -1.87, 5.04, 20.00, 34.00, 9.00, 16.80, 129062, 78089, 9.66, 8.35, 60.89, 956, 817.00, 7544, 243, 0, 26, 3.80, 11.98, 5.84, 28.00, 25.00, '4'),
(66, 2021, 359821, 318.00, -8.71, 2.56, -11.28, 21.00, 30.00, 14.90, 29.80, 213707, 167251, 20.31, 15.43, 62.23, 2869, 2637.00, 33971, 652, 0, 35, 3.92, 0.35, 5.59, 25.00, NULL, '972'),
(67, 2021, 532576, 60.00, 1.57, 1.63, -0.06, 22.00, 27.00, 6.00, 11.20, 290523, 249765, 14.81, 8.44, 54.35, 3087, 3278.00, 36983, 628, 1, 54, 2.29, 7.55, 5.70, 35.00, 17.00, '21'),
(68, 2021, 1252833, 199.00, 0.19, 2.75, -2.56, 24.00, 26.00, 8.80, 14.90, 645785, 568220, 25.97, 8.09, 55.91, 6958, 6339.00, 147572, 885, 549, 631, 2.36, 13.75, 5.47, 40.00, 19.00, '76'),
(69, 2021, 239470, 40.00, -1.68, -4.57, 2.89, 20.00, 35.00, 6.40, 13.10, 154656, 114177, 8.61, 11.05, 78.15, 938, 857.00, 9829, 69, 21, 29, 3.65, 34.23, 4.86, 32.00, 38.00, '19'),
(70, 2021, 191322, 30.00, 1.68, -4.25, 5.93, 19.00, 35.00, 6.10, 14.90, 111171, 88771, 6.49, 10.57, 81.44, 921, 764.00, 5763, 94, 0, 26, 4.41, 39.70, 4.88, 33.00, 7.00, '32'),
(71, 2021, 389012, 67.00, 3.63, -1.38, 5.02, 21.00, 32.00, 8.00, 15.60, 212905, 177548, 8.67, 9.17, 78.80, 1859, 1719.00, 15385, 70, 57, 15, 4.59, 18.01, 4.96, 44.00, 27.00, '81'),
(72, 2021, 1085753, 160.00, 9.88, 4.27, 5.61, 25.00, 23.00, 6.30, 10.50, 554254, 478061, 15.40, 6.69, 59.67, 9266, 10701.00, 73607, 1479, 39, 118, 2.42, 15.07, 5.48, 31.00, 11.00, '35'),
(73, 2023, 1049612, 169.00, 0.43, 0.76, -0.34, 22.22, 27.50, 7.00, 15.30, 527832, 467655, 17.00, 9.00, 55.00, 5512, 7731.00, 79382, 776, 91, 274, 4.23, 6.69, 5.49, 47.00, 18.00, '57'),
(74, 2023, 2131104, 20296.00, -5.28, 6.75, -12.04, 18.73, 22.82, 5.60, 15.40, 1393800, 1131610, 21.00, 9.00, 1.00, 3712, 2474.00, 239341, 1996, 188, 2, 1.57, 14.39, 8.00, 58.00, 14.00, '75'),
(75, 2023, 494474, 83.00, -1.01, -2.16, 1.14, 21.64, 32.81, 5.10, 11.40, 301071, 231224, 16.00, 8.00, 80.00, 2094, 2876.00, 38015, 131, 0, 16, 2.64, 49.76, 4.77, 44.00, 30.00, '50'),
(76, 2022, 143790, 25.00, -2.57, -6.95, 4.39, 19.00, 37.00, 4.30, 13.20, 101953, 68977, 9.00, 12.00, 76.00, 525, 572.00, 6231, 84, 2, 2, 3.88, 23.17, 5.21, 36.00, 22.00, '15'),
(77, 2022, 1436063, 241.00, 7.29, 8.07, -0.77, 27.00, 21.00, 7.30, 11.70, 626435, 564817, 19.00, 7.00, 57.00, 10456, 12044.00, 108619, 1636, 35, 227, 2.63, 8.16, 6.44, 35.00, 19.00, '77'),
(78, 2022, 526857, 72.00, -2.67, 0.55, -3.22, 25.00, 28.00, 11.10, 18.00, 266922, 230907, 18.00, 10.00, 76.00, 1312, 1379.00, 40922, 246, 4, 95, 4.16, 24.25, 5.33, 39.00, 35.00, '2'),
(79, 2021, 234567, 43.00, -2.08, -0.07, -2.01, 22.00, 30.00, 6.80, 13.20, 128333, 106579, 10.57, 10.78, 76.40, 789, 712.00, 11269, 113, 5, 12, 5.87, 24.68, 4.86, 40.00, 18.00, '70'),
(80, 2023, 562700, 158.00, 2.94, 2.53, 0.41, 23.43, 29.40, 9.50, 19.50, 311098, 253217, 14.00, 10.00, 64.00, 3709, 4360.00, 36248, 316, 0, 117, 1.66, 23.80, 5.84, 40.00, 16.00, '84'),
(81, 2023, 683940, 101.00, 3.69, 3.35, 0.34, 25.02, 26.84, 6.90, 13.20, 351028, 302477, 17.00, 9.00, 68.00, 3547, 4505.00, 51368, 471, 339, 167, 2.93, 13.41, 5.80, 37.00, 18.00, '45'),
(82, 2023, 161872, 40.00, 10.99, -1.10, 12.08, 20.21, 31.21, 5.80, 16.30, 123650, 71095, 9.00, 3.00, 52.00, 2128, 1589.00, 6613, 258, 0, 0, 4.76, 17.11, 6.08, 31.00, 15.00, '2A'),
(83, 2023, 374428, 62.00, 0.94, -1.23, 2.17, 22.81, 30.87, 5.10, 11.90, 196421, 169208, 9.00, 9.00, 86.00, 1242, 1912.00, 15473, 93, 38, 104, 2.59, 7.69, 5.14, 36.00, 28.00, '79'),
(84, 2022, 138931, 230.00, -3.08, 1.92, -5.00, 24.00, 27.00, 9.00, 14.80, 73180, 64621, 22.00, 10.00, 47.00, 496, 597.00, 14223, 21, 0, 59, 5.41, 8.36, 5.15, 44.00, 18.00, '90'),
(85, 2022, 168391, 27.00, -7.67, -2.83, -4.84, 21.00, 33.00, 6.50, 15.00, 100382, 80817, 20.00, 12.00, 74.00, 338, 408.00, 15865, 35, 71, 32, 10.01, 18.64, 5.04, 46.00, 19.00, '52'),
(86, 2021, 818345, 114.00, 4.27, 3.52, 0.75, 25.00, 26.00, 7.20, 11.40, 397886, 358513, 18.54, 6.81, 69.68, 4236, 4365.00, 66463, 629, 60, 345, 1.99, 32.35, 5.35, 34.00, 16.00, '49'),
(87, 2021, 376059, 61.00, 5.50, -1.90, 7.40, 21.00, 33.00, 10.40, 20.70, 263889, 174294, 10.26, 8.54, 70.74, 2256, 1754.00, 17882, 288, 23, 31, 2.58, 29.27, 5.36, 38.00, 10.00, '11'),
(88, 2021, 549364, 64.00, -1.13, -1.74, 0.60, 21.00, 33.00, 6.70, 13.10, 311498, 256157, 16.65, 10.30, 69.57, 1908, 1695.00, 42663, 122, 332, 89, 8.78, 19.19, 5.23, 45.00, 27.00, '71'),
(89, 2023, 165830, 24.00, 3.03, -2.72, 5.74, 20.74, 34.42, 8.10, 16.60, 130500, 79450, 10.00, 8.00, 61.00, 879, 1351.00, 7587, 80, 0, 33, 3.04, 26.15, 5.90, 30.00, 25.00, '4'),
(90, 2023, 441899, 73.00, 5.48, 2.24, 3.23, 23.09, 27.50, 5.20, 10.30, 355575, 202682, 17.00, 6.00, 38.00, 4628, 5677.00, 35369, 541, 61, 50, 3.02, 15.24, 6.00, 38.00, 33.00, '73'),
(91, 2022, 191910, 31.00, 1.60, -5.01, 6.61, 20.00, 36.00, 6.10, 15.00, 111536, 89063, 7.00, 11.00, 81.00, 819, 905.00, 5889, 137, 0, 11, 3.55, 39.09, 5.08, 33.00, 7.00, '32'),
(92, 2022, 1460003, 219.00, -0.19, 1.84, -2.03, 25.00, 26.00, 9.00, 17.80, 720800, 619227, 26.00, 8.00, 77.00, 6173, 8995.00, 161622, 1025, 209, 532, 1.53, 56.58, 5.63, 50.00, 15.00, '62'),
(93, 2022, 239019, 41.00, -1.42, -5.37, 3.95, 20.00, 36.00, 6.40, 13.10, 155041, 114337, 9.00, 11.00, 78.00, 813, 968.00, 9754, 56, 101, 26, 3.38, 34.67, 4.82, 33.00, 31.00, '19'),
(94, 2022, 565314, 91.00, -0.07, 0.98, -1.05, 24.00, 29.00, 7.70, 12.90, 293561, 252699, 16.00, 9.00, 75.00, 1777, 1934.00, 39300, 209, 123, 93, 1.96, 25.02, 5.18, 39.00, 20.00, '72'),
(95, 2021, 1449520, 634.00, 2.89, 7.45, -4.56, 26.00, 22.00, 6.70, 9.70, 643946, 586449, 21.67, 6.34, 41.92, 8636, 9190.00, 127062, 2681, 111, 189, 2.58, 4.31, 6.46, 38.00, 26.00, '78'),
(96, 2021, 229205, 51.00, -0.11, -3.34, 3.23, 19.00, 34.00, 8.80, 15.40, 162729, 109301, 11.55, 9.54, 60.07, 1126, 927.00, 12629, 75, 100, 44, 4.30, 17.36, 5.38, 39.00, 11.00, '65'),
(97, 2021, 218129, 32.00, -5.64, -4.67, -0.97, 19.00, 36.00, 7.50, 14.50, 138879, 105675, 16.59, 13.33, 82.90, 521, 444.00, 17530, 87, 1, 64, 3.61, 36.00, 5.25, 36.00, 26.00, '36'),
(98, 2023, 238576, 41.00, -1.60, -5.37, 3.77, 19.70, 35.67, 5.90, 13.10, 155575, 114511, 9.00, 11.00, 78.00, 859, 1516.00, 9748, 52, 35, 9, 2.39, 15.12, 5.18, 34.00, 37.00, '19'),
(99, 2023, 351576, 59.00, -0.32, -2.86, 2.54, 20.77, 33.35, 6.70, 14.60, 199746, 165957, 10.00, 11.00, 83.00, 1315, 2028.00, 16291, 208, 7, 41, 2.74, 20.98, 5.22, 41.00, 13.00, '16'),
(100, 2023, 1154712, 243.00, 5.04, 3.19, 1.85, 22.65, 25.61, 6.10, 13.20, 575001, 510782, 14.00, 8.00, 45.00, 7807, 8185.00, 71057, 1034, 193, 71, 2.94, 3.46, 5.96, 44.00, 20.00, '67'),
(101, 2023, 290714, 3.00, 22.38, 29.57, -7.19, 41.38, 9.86, 10.90, NULL, 88986, 77930, 26.00, 10.00, 62.00, 1666, 1266.00, 20310, 1125, 16, 60, 4.50, 4.50, 6.47, 20.00, NULL, '973'),
(102, 2022, 567745, 92.00, -0.61, 0.74, -1.35, 24.00, 27.00, 9.10, 15.70, 303449, 252610, 17.00, 8.00, 73.00, 2595, 2456.00, 42266, 476, 36, 53, 2.57, 25.64, 5.65, 39.00, 25.00, '80'),
(103, 2022, 360241, 62.00, -4.91, -2.61, -2.30, 21.00, 33.00, 8.20, 14.90, 214287, 169179, 14.00, 11.00, 65.00, 1080, 1452.00, 24294, 53, 28, 33, 4.30, 14.39, 4.79, 44.00, 21.00, '88'),
(104, 2022, 141039, 25.00, 1.76, -0.81, 2.57, 21.00, 33.00, 7.80, 13.90, 137644, 67005, 12.00, 6.00, 43.00, 1170, 1782.00, 7968, 0, 0, 5, 2.62, 13.13, 5.32, 39.00, 28.00, '5'),
(105, 2022, 822488, 114.00, 4.07, 3.26, 0.80, 25.00, 27.00, 7.00, 11.10, 400508, 360982, 18.00, 7.00, 70.00, 4315, 6547.00, 66385, 543, 235, 341, 1.91, 32.42, 5.41, 35.00, 12.00, '49'),
(106, 2021, 765546, 160.00, 2.22, 2.02, 0.19, 24.00, 28.00, 7.80, 15.00, 399133, 341580, 17.57, 10.35, 50.96, 3296, 3285.00, 60011, 429, 146, 149, 6.28, 7.70, 5.12, 43.00, 20.00, '42'),
(107, 2021, 429641, 73.00, 0.17, 2.83, -2.67, 24.00, 27.00, 7.20, 12.00, 216684, 185040, 17.46, 8.63, 73.81, 1823, 2006.00, 32310, 337, 246, 98, 4.02, 22.70, 5.13, 39.00, 24.00, '28'),
(108, 2021, 1636085, 152.00, 12.89, 2.96, 9.94, 23.00, 25.00, 7.50, 12.60, 872327, 740536, 14.41, 6.22, 61.57, 16642, 16419.00, 106677, 3298, 131, 400, 1.27, 20.78, 6.03, 28.00, 5.00, '33'),
(109, 2023, 690920, 90.00, 5.23, -1.52, 6.74, 20.93, 31.63, 5.60, 12.20, 417293, 328032, 12.00, 8.00, 51.00, 5175, 4712.00, 38062, 760, 81, 37, 1.59, 30.82, 5.79, 34.00, 3.00, '64'),
(110, 2021, 288086, 3.00, 25.78, 26.98, -1.20, 41.00, 9.00, 17.80, NULL, 91566, 80060, 23.63, 9.99, 60.57, 2021, 2600.00, 18920, 941, 11, 29, 6.51, 25.49, 6.28, 19.00, NULL, '973'),
(111, 2023, 392328, 68.00, 3.88, -2.09, 5.97, 21.65, 33.02, 7.70, 15.30, 215987, 180334, 9.00, 9.00, 79.00, 1962, 2875.00, 15520, 88, 202, 19, 3.90, 8.61, 4.95, 44.00, 23.00, '81'),
(112, 2021, 181387, 29.00, -6.46, -0.64, -5.82, 22.00, 30.00, 7.30, 14.50, 99893, 83213, 12.18, 12.10, 76.27, 363, 223.00, 10134, 42, 192, 28, 8.44, 25.28, 5.05, 43.00, 57.00, '55'),
(113, 2021, 414728, 44.00, 7.91, -1.53, 9.45, 20.00, 32.00, 7.60, 11.80, 259512, 188793, 7.21, 6.64, 72.89, 3938, 5440.00, 13617, 504, 0, 21, 1.56, 40.36, 5.32, 28.00, 7.00, '40'),
(114, 2023, 920279, 137.00, 2.27, -1.90, 4.17, 21.92, 31.19, 6.10, 11.00, 542677, 425945, 12.00, 7.00, 73.00, 5350, 7030.00, 49278, 629, 55, 134, 2.62, 33.62, 5.44, 34.00, 11.00, '29'),
(115, 2023, 332620, 45.00, -2.87, -2.35, -0.52, 22.45, 32.14, 6.70, 14.30, 197870, 153168, 14.00, 12.00, 78.00, 748, 781.00, 20806, 32, 29, 48, 3.54, 16.40, 5.24, 41.00, 24.00, '89'),
(116, 2023, 1452852, 636.00, 2.77, 7.68, -4.91, 26.60, 22.51, 6.30, 9.70, 654741, 595559, 22.00, 6.00, 41.00, 8785, 10457.00, 131550, 2451, 17, 186, 2.37, 8.36, 6.63, 39.00, 22.00, '78'),
(117, 2023, 1459338, 219.00, -0.24, 1.84, -2.08, 25.21, 26.19, 8.10, 17.80, 724156, 623163, 26.00, 7.00, 77.00, 6259, 7776.00, 161931, 1302, 366, 468, 2.39, 0.07, 5.66, 51.00, 22.00, '62'),
(118, 2023, 334381, 46.00, -2.44, -4.66, 2.22, 20.20, 35.69, 7.40, 15.30, 209251, 162975, 12.00, 15.00, 72.00, 848, 1239.00, 19986, 4, 187, 27, 5.73, 40.91, 5.23, 40.00, 24.00, '3'),
(119, 2022, 1098420, 160.00, 10.23, 4.22, 6.02, 25.00, 24.00, 5.80, 10.70, 561343, 484150, 15.00, 7.00, 60.00, 9589, 13538.00, 73717, 1215, 269, 89, 2.36, 15.12, 5.55, 31.00, 9.00, '35'),
(120, 2022, 1661929, 153.00, 13.55, 2.95, 10.59, 23.00, 26.00, 7.20, 12.40, 886986, 753105, 14.00, 6.00, 61.00, 16041, 14536.00, 108888, 2707, 117, 382, 1.00, 20.98, 6.11, 29.00, 3.00, '33'),
(121, 2022, 374763, 62.00, 1.03, -1.23, 2.26, 23.00, 31.00, 5.60, 11.90, 195568, 168390, 9.00, 9.00, 86.00, 1212, 1494.00, 15556, 90, 102, 98, 2.65, 49.76, 5.12, 35.00, 26.00, '79'),
(122, 2022, 370651, 67.00, -1.44, -1.77, 0.33, 21.00, 32.00, 7.00, 15.30, 221194, 182385, 14.00, 10.00, 66.00, 1363, 1550.00, 26244, 156, 235, 35, 4.09, 13.41, 5.16, 45.00, 4.00, '87'),
(123, 2021, 170339, 27.00, -7.44, -1.82, -5.62, 20.00, 32.00, 6.70, 14.90, 100617, 81254, 19.61, 11.70, 74.56, 339, 251.00, 15936, 49, 72, 34, 9.47, 18.71, 4.96, 45.00, 23.00, '52'),
(124, 2021, 685441, 89.00, 4.89, -1.03, 5.92, 21.00, 31.00, 6.60, 12.30, 409790, 320924, 11.47, 8.14, 51.16, 5484, 5438.00, 36819, 920, 0, 32, 2.23, 7.46, 5.72, 33.00, 4.00, '64'),
(125, 2021, 299153, 41.00, -3.89, -2.30, -1.59, 20.00, 33.00, 7.70, 14.30, 179125, 142526, 14.70, 12.93, 79.29, 1038, 1079.00, 20947, 16, 164, 140, 5.41, 32.37, 5.16, 37.00, 37.00, '18'),
(126, 2021, 2154092, 20515.00, -4.00, 6.61, -10.61, 18.00, 22.00, 6.80, 15.20, 1386846, 1140771, 20.42, 8.48, 0.81, 4180, 3290.00, 232999, 1585, 68, 1, 1.59, 0.09, 7.99, 56.00, 15.00, '75'),
(127, 2023, 662032, 115.00, 9.64, 4.00, 5.64, 25.72, 24.35, 5.40, 10.50, 325431, 280734, 17.00, 8.00, 63.00, 5308, 5933.00, 48211, 1174, 96, 154, 3.23, 29.79, 5.98, 31.00, 33.00, '1'),
(128, 2023, 263504, 71.00, 7.75, 0.52, 7.23, 24.05, 29.23, 8.60, 16.30, 134694, 113831, 8.00, 10.00, 78.00, 1389, 1987.00, 9144, 347, 12, 13, 2.79, 41.75, 5.51, 31.00, 19.00, '82'),
(129, 2022, 521894, 80.00, 6.95, 2.13, 4.82, 24.00, 29.00, 8.50, 14.40, 277777, 231521, 13.00, 9.00, 64.00, 3210, 3900.00, 29173, 441, 52, 75, 2.04, 17.67, 5.53, 35.00, 7.00, '26'),
(130, 2022, 326778, 52.00, -1.36, -1.63, 0.27, 22.00, 33.00, 6.30, 12.50, 185077, 150114, 14.00, 11.00, 80.00, 1156, 1594.00, 21496, 87, 84, 37, 5.66, 30.82, 4.96, 38.00, 21.00, '41'),
(131, 2022, 694684, 102.00, 8.26, -0.58, 8.85, 23.00, 32.00, 5.90, 8.90, 430815, 304996, 8.00, 5.00, 84.00, 5601, 8714.00, 24256, 332, 1, 37, 3.26, 47.91, 5.22, 30.00, 9.00, '85'),
(132, 2022, 298669, 41.00, -4.18, -3.20, -0.98, 21.00, 34.00, 7.80, 14.00, 179430, 142513, 15.00, 13.00, 79.00, 893, 1546.00, 20905, 15, 2, 72, 4.67, 32.22, 5.22, 39.00, 29.00, '18'),
(133, 2021, 1184031, 194.00, 13.35, 2.59, 10.76, 22.00, 27.00, 11.00, 19.70, 729652, 543017, 12.05, 7.32, 48.15, 11905, 12231.00, 65454, 2013, 32, 61, 1.31, 11.36, 5.85, 26.00, 7.00, '34'),
(134, 2023, 306043, 59.00, -0.32, 1.02, -1.35, 24.61, 29.06, 4.90, 11.00, 158874, 135766, 12.00, 9.00, 80.00, 1308, 1665.00, 15926, 135, 60, 106, 2.89, 17.72, 5.05, 38.00, 18.00, '53'),
(135, 2022, 546224, 104.00, 3.24, 3.52, -0.28, 24.00, 26.00, 7.30, 12.20, 283778, 247404, 15.00, 9.00, 51.00, 2871, 3015.00, 37336, 133, 126, 164, 3.19, 7.80, 5.62, 41.00, 11.00, '25'),
(136, 2022, 1254203, 200.00, 0.23, 2.41, -2.18, 24.00, 27.00, 8.60, 14.60, 649681, 570684, 26.00, 8.00, 56.00, 6426, 6126.00, 148713, 1190, 155, 441, 2.55, 14.32, 5.52, 41.00, 18.00, '76'),
(137, 2021, 436834, 72.00, 5.27, 2.68, 2.59, 22.00, 27.00, 6.60, 10.00, 349226, 198138, 17.55, 6.03, 37.75, 4335, 5228.00, 34769, 454, 13, 35, 3.13, 5.55, 5.90, 36.00, 36.00, '73'),
(138, 2021, 333847, 45.00, -2.64, -3.73, 1.09, 20.00, 35.00, 8.40, 15.50, 208375, 162853, 12.54, 14.63, 71.84, 943, 860.00, 20421, 232, 147, 10, 7.37, 25.06, 5.16, 38.00, 25.00, '3'),
(139, 2021, 438390, 62.00, 2.62, 0.77, 1.85, 23.00, 28.00, 6.30, 14.30, 241950, 204488, 12.52, 9.62, 73.97, 1955, 1747.00, 25600, 111, 3, 78, 4.15, 30.23, 5.31, 39.00, 21.00, '86'),
(140, 2021, 327835, 51.00, -0.68, -0.88, 0.20, 22.00, 32.00, 6.20, 12.60, 184614, 150035, 14.33, 10.85, 80.30, 1207, 1051.00, 21506, 90, 20, 25, 7.33, 30.30, 4.92, 37.00, 23.00, '41'),
(141, 2021, 1411786, 5762.00, 6.33, 9.42, -3.09, 25.00, 20.00, 7.80, 16.60, 640016, 592118, 30.05, 5.66, 21.50, 9402, 11024.00, 177902, 1801, 89, 107, 2.27, 1.41, 6.78, 41.00, 15.00, '94'),
(142, 2021, 596993, 98.00, 1.78, 3.05, -1.27, 25.00, 26.00, 8.00, 12.50, 297286, 253986, 16.72, 8.28, 77.28, 2694, 2087.00, 42454, 243, 61, 122, 2.62, 27.71, 5.60, 35.00, 20.00, '27'),
(143, 2021, 1253568, 1006.00, 7.04, 10.62, -3.58, 28.00, 19.00, 8.90, 17.20, 510302, 473372, 26.57, 5.92, 44.21, 7875, 7655.00, 125774, 1836, 76, 171, 2.09, 5.65, 6.38, 39.00, 17.00, '95'),
(144, 2023, 201017, 29.00, -7.93, -6.65, -1.28, 19.21, 38.36, 6.70, 15.50, 141219, 100066, 13.00, 14.00, 78.00, 351, 411.00, 13054, 15, 266, 41, 11.05, 12.30, 5.16, 46.00, 25.00, '58'),
(145, 2023, 357191, 317.00, -8.95, 1.78, -10.73, 21.53, 30.65, 10.20, 26.70, 212577, 167200, 21.00, 15.00, 63.00, 2736, 2906.00, 34413, 398, 168, 26, 4.58, 4.60, 5.78, 26.00, NULL, '972'),
(146, 2022, 275624, 45.00, -5.25, -3.01, -2.24, 22.00, 34.00, 7.20, 15.00, 165100, 129193, 16.00, 11.00, 80.00, 496, 680.00, 21168, 100, 0, 5, 7.35, 31.73, 4.92, 43.00, 38.00, '61'),
(147, 2022, 688474, 90.00, 4.85, -1.52, 6.37, 21.00, 32.00, 6.40, 12.20, 413357, 323663, 12.00, 8.00, 51.00, 5211, 5505.00, 37485, 709, 8, 33, 1.82, 8.02, 5.79, 33.00, 2.00, '64'),
(148, 2022, 412163, 45.00, -0.72, -5.91, 5.19, 19.00, 38.00, 7.70, 16.10, 261104, 196500, 7.00, 10.00, 84.00, 1935, 2912.00, 14360, 82, 5, 15, 3.49, 40.91, 5.25, 35.00, 12.00, '24'),
(149, 2022, 180059, 29.00, -6.97, -1.63, -5.34, 22.00, 31.00, 7.50, 14.20, 99834, 82941, 12.00, 12.00, 76.00, 319, 394.00, 10122, 0, 0, 13, 7.80, 25.22, 5.08, 44.00, 17.00, '55'),
(150, 2021, 831867, 189.00, 12.71, 6.11, 6.59, 24.00, 22.00, 6.60, 8.90, 517217, 360944, 13.61, 6.22, 39.79, 11097, 12569.00, 49115, 1524, 18, 62, 1.66, 2.16, 6.23, 27.00, 20.00, '74'),
(151, 2021, 143821, 25.00, -2.93, -5.84, 2.91, 18.00, 36.00, 4.50, 13.00, 101693, 68833, 9.00, 11.94, 75.72, 555, 525.00, 6195, 25, 0, 19, 3.85, 23.02, 5.18, 35.00, 32.00, '15'),
(152, 2023, 233493, 44.00, -2.59, -0.92, -1.67, 22.80, 30.74, 6.30, 13.00, 128855, 106994, 11.00, 11.00, 76.00, 727, 854.00, 11366, 56, 20, 47, 4.41, 16.53, 5.03, 42.00, 18.00, '70'),
(153, 2023, 230143, 52.00, 0.40, -4.25, 4.65, 19.84, 34.92, 7.70, 15.50, 164545, 110673, 11.00, 10.00, 60.00, 1123, 1843.00, 12625, 80, 0, 56, 5.43, 32.22, 5.45, 40.00, 6.00, '65'),
(154, 2023, 170280, 27.00, -6.63, -2.83, -3.80, 20.85, 33.22, 6.40, 15.00, 100520, 80979, 19.00, 12.00, 75.00, 305, 244.00, 15731, 50, 125, 30, 7.23, 17.42, 4.92, 46.00, 20.00, '52'),
(155, 2023, 359915, 61.00, -4.99, -2.61, -2.39, 21.46, 32.45, 7.40, 14.90, 214812, 169446, 14.00, 11.00, 65.00, 1046, 1513.00, 24230, 70, 84, 36, 3.12, 19.73, 4.82, 45.00, 22.00, '88'),
(156, 2023, 381606, 234.00, -5.69, 3.90, -9.59, 24.02, 28.41, 19.30, NULL, 227525, 171988, 22.00, 15.00, 75.00, 2950, 2880.00, 37380, 242, 0, 193, 4.64, 4.60, 6.23, 22.00, NULL, '971'),
(157, 2023, 184485, 40.00, 9.40, -0.77, 10.17, 19.67, 30.52, 6.40, 20.10, 135125, 82538, 11.00, 3.00, 50.00, 2119, 2868.00, 8986, 102, 0, 2, 1.75, 24.25, 5.62, 34.00, 14.00, '2B'),
(158, 2022, 831944, 142.00, 3.26, 4.77, -1.51, 26.00, 24.00, 7.90, 12.80, 378048, 341929, 20.00, 7.00, 67.00, 3323, 4045.00, 67912, 738, 37, 207, 1.63, 16.40, 5.63, 39.00, 23.00, '60'),
(159, 2022, 547937, 64.00, -1.45, -2.59, 1.14, 21.00, 34.00, 6.60, 12.80, 311966, 256502, 17.00, 10.00, 70.00, 1827, 2195.00, 42839, 98, 187, 116, 8.76, 19.73, 5.36, 46.00, 20.00, '71'),
(160, 2021, 1079043, 180.00, 7.03, -0.43, 7.45, 20.00, 33.00, 8.20, 15.60, 722127, 494739, 10.52, 6.14, 46.58, 8969, 9472.00, 52056, 1929, 2, 82, 3.30, 6.16, 5.72, 32.00, 6.00, '83'),
(161, 2021, 277400, 45.00, -4.88, -1.97, -2.91, 21.00, 34.00, 7.30, 15.40, 165463, 129524, 16.27, 11.25, 79.49, 623, 429.00, 21068, 73, 0, 24, 6.94, 31.75, 4.67, 42.00, 38.00, '61'),
(162, 2021, 327740, 59.00, 4.01, -1.30, 5.32, 21.00, 32.00, 8.40, 14.40, 204906, 148173, 9.22, 9.73, 74.68, 2004, 1951.00, 13663, 202, 85, 29, 4.88, 20.35, 5.23, 35.00, 31.00, '7'),
(163, 2021, 1426334, 241.00, 7.66, 7.83, -0.17, 27.00, 20.00, 7.30, 11.80, 619783, 559614, 19.17, 6.77, 57.30, 10155, 12351.00, 107305, 2691, 297, 324, 2.97, 8.18, 6.31, 35.00, 23.00, '77'),
(164, 2023, 698570, 104.00, 8.87, -0.58, 9.45, 22.70, 32.53, 5.10, 8.90, 435953, 310051, 8.00, 5.00, 83.00, 5915, 8762.00, 24728, 531, 17, 41, 3.86, 31.43, 5.20, 31.00, 13.00, '85'),
(165, 2023, 299546, 41.00, -3.90, -3.20, -0.70, 21.07, 33.86, 7.40, 14.00, 179389, 142658, 15.00, 13.00, 79.00, 879, 1191.00, 20825, 179, 234, 73, 4.69, 38.64, 5.27, 40.00, 36.00, '18'),
(166, 2023, 1664856, 7054.00, 8.82, 13.99, -5.18, 28.97, 17.34, 10.00, 27.60, 696152, 645422, 37.00, 6.00, 23.00, 13507, 13488.00, 236379, 2808, 1020, 168, 2.16, 1.67, 6.71, 43.00, 18.00, '93'),
(167, 2022, 695207, 125.00, 1.45, 0.60, 0.85, 23.00, 29.00, 7.10, 11.90, 422082, 317127, 19.00, 7.00, 60.00, 4905, 6520.00, 59840, 669, 142, 86, 3.09, 32.40, 5.70, 37.00, 17.00, '14'),
(168, 2022, 595697, 99.00, 1.29, 2.67, -1.38, 25.00, 27.00, 7.80, 12.30, 298148, 254430, 17.00, 8.00, 77.00, 2385, 2484.00, 42513, 229, 52, 133, 2.36, 28.30, 5.64, 35.00, 18.00, '27'),
(169, 2022, 161082, 40.00, 10.45, -1.10, 11.54, 20.00, 31.00, 6.50, 16.30, 122005, 70014, 9.00, 3.00, 52.00, 2199, 1356.00, 6327, 72, 0, 0, 2.92, 8.20, 6.07, 31.00, 15.00, '2A'),
(170, 2022, 732085, 139.00, -0.14, 1.41, -1.55, 23.00, 26.00, 7.50, 14.60, 379680, 336776, 16.00, 9.00, 53.00, 2746, 3817.00, 53629, 538, 16, 242, 2.31, 11.19, 5.58, 41.00, 19.00, '54'),
(171, 2022, 329841, 59.00, 3.96, -2.09, 6.05, 22.00, 33.00, 8.60, 14.30, 206435, 149347, 9.00, 10.00, 75.00, 2010, 2541.00, 13743, 112, 9, 33, 4.66, 20.49, 5.25, 35.00, 21.00, '7'),
(172, 2022, 227229, 46.00, 1.03, -2.47, 3.51, 22.00, 32.00, 6.10, 11.90, 143916, 102943, 8.00, 12.00, 78.00, 981, 1280.00, 8267, 32, 0, 29, 6.70, 19.28, 5.26, 41.00, 25.00, '43'),
(173, 2021, 749136, 127.00, 5.56, 1.39, 4.16, 22.00, 30.00, 10.60, 19.80, 428087, 336215, 12.41, 8.41, 62.61, 4566, 5618.00, 41731, 943, 231, 40, 6.03, 12.28, 5.67, 38.00, 6.00, '30'),
(174, 2021, 568750, 92.00, -0.35, 1.32, -1.67, 24.00, 26.00, 9.10, 16.40, 301740, 251457, 16.66, 8.40, 73.34, 2769, 2890.00, 41888, 491, 22, 61, 3.14, 25.85, 5.58, 38.00, 31.00, '80'),
(175, 2023, 731390, 139.00, -0.24, 1.41, -1.65, 23.11, 26.34, 6.80, 14.60, 381849, 338243, 16.00, 9.00, 53.00, 2824, 4289.00, 53829, 499, 147, 262, 2.00, 20.95, 5.52, 42.00, 20.00, '54'),
(176, 2023, 227111, 46.00, 0.98, -2.47, 3.45, 22.13, 32.27, 5.50, 11.90, 144442, 103475, 8.00, 12.00, 77.00, 955, 1219.00, 8316, 107, 26, 24, 5.32, 8.20, 5.30, 42.00, 28.00, '43'),
(177, 2023, 1258517, 1010.00, 6.62, 11.23, -4.61, 28.40, 19.68, 7.90, 17.00, 523106, 484570, 27.00, 6.00, 43.00, 7508, 6747.00, 129256, 2409, 113, 139, 2.18, 6.59, 6.53, 40.00, 15.00, '95'),
(178, 2023, 843675, 192.00, 12.94, 6.28, 6.66, 24.61, 22.92, 5.30, 9.40, 533337, 372298, 14.00, 7.00, 39.00, 10912, 11153.00, 51857, 1402, 16, 55, 1.75, 39.09, 6.29, 28.00, 15.00, '74'),
(179, 2022, 1101039, 253.00, 1.83, 0.06, 1.77, 21.00, 31.00, 8.60, 16.20, 778291, 516674, 11.00, 8.00, 24.00, 6923, 6136.00, 58685, 1437, 14, 77, 1.64, 2.23, 6.72, 33.00, 5.00, '6'),
(180, 2021, 1269323, 170.00, 5.22, 5.14, 0.08, 25.00, 24.00, 6.60, 11.30, 653289, 548468, 16.44, 7.70, 49.10, 9031, 11078.00, 90178, 1191, 227, 234, 2.58, 10.31, 5.94, 36.00, 26.00, '38'),
(181, 2022, 233489, 44.00, -2.59, -0.92, -1.67, 22.00, 31.00, 6.80, 13.00, 128450, 106544, 11.00, 11.00, 76.00, 743, 831.00, 11359, 99, 0, 35, 5.48, 24.78, 4.92, 41.00, 17.00, '70'),
(182, 2021, 279334, 31.00, 0.91, -3.53, 4.44, 20.00, 35.00, 6.00, 14.00, 182027, 130680, 6.60, 10.83, 73.67, 1358, 1338.00, 8626, 107, 59, 1, 4.63, 16.76, 4.72, 42.00, 21.00, '12'),
(183, 2021, 765130, 217.00, 2.05, 2.71, -0.66, 23.00, 27.00, 8.00, 12.90, 380237, 333661, 15.04, 8.97, 51.83, 3745, 4556.00, 50180, 461, 43, 117, 3.15, 6.71, 5.62, 45.00, 24.00, '68'),
(184, 2021, 478983, 116.00, 6.79, -1.61, 8.39, 21.00, 33.00, 12.20, 21.00, 352741, 224381, 11.07, 8.16, 55.87, 3900, 4043.00, 24846, 693, 23, 19, 3.50, 21.24, 5.45, 30.00, 1.00, '66'),
(185, 2023, 1655325, 154.00, 13.09, 2.95, 10.14, 22.88, 25.62, 6.40, 12.40, 900198, 763663, 15.00, 6.00, 61.00, 15867, 13345.00, 111697, 2939, 297, 411, 1.23, 10.26, 6.17, 29.00, 5.00, '33'),
(186, 2022, 201110, 30.00, -7.89, -6.65, -1.24, 19.00, 38.00, 6.50, 15.50, 141411, 100314, 13.00, 14.00, 78.00, 363, 375.00, 13348, 8, 165, 30, 12.11, 16.53, 5.15, 45.00, 19.00, '58'),
(187, 2023, 1631170, 9268.00, 3.13, 9.25, -6.12, 24.51, 20.68, 5.80, 11.90, 815765, 731525, 28.00, 7.00, 11.00, 11212, 9227.00, 205753, 2677, 606, 324, 2.42, 0.91, 6.97, 47.00, 15.00, '92'),
(188, 2023, 2055002, 404.00, 4.00, 4.24, -0.24, 23.36, 27.09, 8.60, 17.90, 1055315, 925755, 18.00, 8.00, 37.00, 12513, 11519.00, 164055, 2574, 559, 425, 2.36, 2.23, 5.89, 40.00, 7.00, '13'),
(189, 2023, 154222, 32.00, 1.27, -3.96, 5.23, 20.46, 34.50, 9.30, 17.90, 110875, 73183, 5.00, 9.00, 80.00, 591, 696.00, 3653, 3, 0, 1, 2.63, 19.73, 5.05, 37.00, 0.00, '9'),
(190, 2023, 866669, 346.00, 4.60, 12.00, -7.41, 29.50, 19.26, 17.10, 35.60, 369895, 328195, 25.00, 9.00, 66.00, 7225, 7534.00, 80739, 1828, 36, 151, 0.92, 0.90, 6.24, 21.00, NULL, '974'),
(191, 2022, 1280557, 171.00, 5.38, 4.91, 0.47, 25.00, 25.00, 6.50, 11.30, 659031, 553122, 17.00, 8.00, 49.00, 8955, 10993.00, 91920, 1987, 27, 224, 2.77, 10.26, 6.03, 36.00, 21.00, '38'),
(192, 2022, 114609, 21.00, -6.49, -9.86, 3.37, 18.00, 40.00, 7.10, 18.30, 88646, 57111, 10.00, 16.00, 86.00, 240, 249.00, 5469, 0, 0, 15, 10.48, 29.79, 4.59, 45.00, 25.00, '23'),
(193, 2021, 1041009, 167.00, -0.39, 1.36, -1.75, 22.00, 27.00, 7.70, 15.30, 518771, 460366, 17.03, 9.15, 55.00, 5166, 5708.00, 78412, 670, 194, 228, 4.92, 12.32, 5.47, 46.00, 20.00, '57'),
(194, 2023, 376885, 61.00, 4.70, -2.70, 7.40, 21.08, 34.02, 9.90, 20.00, 266877, 177287, 10.00, 8.00, 71.00, 2069, 1885.00, 18419, 418, 142, 39, 2.71, 23.99, 5.46, 38.00, 10.00, '11'),
(195, 2023, 566872, 92.00, -0.76, 0.74, -1.50, 23.91, 27.06, 8.60, 15.70, 305380, 254010, 17.00, 8.00, 73.00, 2584, 2628.00, 42598, 448, 0, 85, 2.67, 14.32, 5.65, 40.00, 26.00, '80'),
(196, 2022, 230579, 51.00, 0.59, -4.25, 4.84, 20.00, 35.00, 8.80, 15.50, 163634, 109681, 12.00, 10.00, 60.00, 1054, 1462.00, 12617, 23, 3, 31, 4.53, 17.42, 5.43, 39.00, 6.00, '65'),
(197, 2022, 332048, 45.00, -3.04, -2.35, -0.69, 22.00, 32.00, 7.10, 14.30, 197718, 152951, 14.00, 12.00, 78.00, 791, 948.00, 20929, 165, 0, 45, 4.59, 19.94, 5.26, 40.00, 16.00, '89'),
(198, 2022, 866181, 342.00, 4.54, 12.00, -7.47, 29.00, 19.00, 18.00, 35.60, 383878, 338066, 23.36, 9.00, 66.00, 7258, 7962.00, 78957, 255425, 141, 161, 1.00, 14.00, 6.20, 20.00, NULL, '974'),
(199, 2021, 267496, 51.00, -5.56, 0.08, -5.64, 22.00, 29.00, 9.50, 18.90, 143015, 121658, 19.94, 11.43, 71.18, 718, 670.00, 24259, 296, 0, 24, 4.97, 23.75, 4.99, 40.00, 18.00, '8'),
(200, 2021, 1459364, 218.00, -0.14, 2.32, -2.46, 25.00, 25.00, 9.00, 19.30, 717901, 617546, 26.13, 7.62, 77.27, 6238, 5788.00, 161359, 1297, 426, 404, 2.29, 56.08, 5.64, 50.00, 22.00, '62'),
(201, 2021, 1309566, 725.00, 7.75, 9.02, -1.27, 27.00, 20.00, 7.00, 13.10, 564587, 518768, 24.06, 6.48, 46.16, 9513, 8002.00, 124822, 2912, 0, 415, 2.43, 4.14, 6.34, 36.00, 18.00, '91'),
(202, 2021, 560425, 157.00, 3.19, 2.84, 0.35, 23.00, 29.00, 10.10, 20.00, 305436, 249368, 14.17, 10.09, 64.15, 3549, 3765.00, 35347, 505, 9, 71, 2.27, 15.71, 5.73, 38.00, 17.00, '84'),
(203, 2021, 760313, 111.00, 5.36, -0.98, 6.34, 22.00, 32.00, 6.60, 11.20, 468872, 350465, 10.73, 7.28, 73.65, 5404, 5605.00, 37612, 459, 34, 77, 2.69, 20.66, 5.37, 30.00, 17.00, '56'),
(204, 2021, 563834, 69.00, -0.26, 2.73, -2.99, 24.00, 26.00, 7.60, 14.40, 295610, 260554, 28.34, 8.99, 55.41, 2922, 3574.00, 73839, 704, 198, 339, 4.78, 17.77, 5.36, 39.00, 31.00, '51'),
(205, 2021, 693310, 124.00, 1.49, 1.15, 0.34, 23.00, 28.00, 7.20, 12.40, 419713, 315751, 18.82, 6.81, 60.22, 4859, 4977.00, 59435, 570, 92, 97, 2.66, 29.48, 5.60, 36.00, 19.00, '14'),
(206, 2021, 330756, 61.00, -0.11, -1.89, 1.78, 21.00, 33.00, 7.90, 17.00, 186511, 153366, 7.35, 11.49, 79.58, 1275, 1543.00, 11276, 138, 0, 70, 1.96, 29.46, 5.19, 33.00, 9.00, '47'),
(207, 2023, 546630, 104.00, 3.31, 3.52, -0.21, 24.49, 26.02, 6.30, 12.20, 285770, 248963, 15.00, 9.00, 51.00, 2893, 3019.00, 36989, 226, 274, 163, 2.93, 25.22, 5.69, 42.00, 20.00, '25'),
(208, 2023, 565685, 69.00, -0.16, 2.43, -2.58, 23.87, 26.36, 7.00, 14.20, 299421, 262478, 28.00, 9.00, 55.00, 2742, 2991.00, 73089, 484, 811, 368, 3.46, 8.02, 5.44, 41.00, 27.00, '51'),
(209, 2023, 567068, 91.00, 0.24, 0.98, -0.74, 24.01, 29.26, 6.80, 12.90, 294778, 253990, 16.00, 9.00, 75.00, 1789, 2585.00, 39399, 236, 12, 82, 1.32, 18.64, 5.19, 40.00, 20.00, '72'),
(210, 2023, 598404, 99.00, 1.75, 2.67, -0.92, 25.36, 26.52, 6.70, 12.30, 299419, 256061, 16.00, 8.00, 77.00, 2376, 3208.00, 42169, 179, 160, 87, 1.96, 5.14, 5.62, 36.00, 19.00, '27'),
(211, 2023, 768617, 113.00, 5.71, -1.70, 7.41, 21.99, 32.74, 5.60, 11.50, 464186, 346231, 11.00, 7.00, 74.00, 5672, 6835.00, 38362, 618, 111, 84, 2.02, 16.15, 5.37, 31.00, 17.00, '56'),
(212, 2022, 1150899, 240.00, 4.70, 3.19, 1.50, 23.00, 26.00, 6.70, 13.20, 567991, 504685, 14.00, 8.00, 46.00, 7771, 8336.00, 69870, 1352, 67, 58, 3.01, 4.31, 5.98, 44.00, 19.00, '67'),
(213, 2022, 419507, 45.00, 8.14, -2.23, 10.37, 21.00, 33.00, 7.60, 11.40, 262370, 191040, 7.00, 7.00, 73.00, 4127, 5273.00, 14017, 341, 0, 17, 1.25, 39.87, 5.38, 28.00, 6.00, '40'),
(214, 2022, 767088, 111.00, 5.50, -1.70, 7.20, 22.00, 33.00, 6.50, 11.50, 472749, 353880, 11.00, 7.00, 74.00, 5548, 7783.00, 37928, 410, 20, 82, 2.78, 20.46, 5.39, 31.00, 16.00, '56'),
(215, 2022, 562533, 157.00, 2.91, 2.53, 0.38, 24.00, 29.00, 10.10, 19.50, 308505, 251069, 14.00, 10.00, 64.00, 3599, 3935.00, 35851, 528, 1, 74, 2.08, 16.07, 5.77, 39.00, 11.00, '84'),
(216, 2021, 161208, 40.00, 12.26, -0.52, 12.78, 20.00, 31.00, 6.60, 16.10, 120566, 69342, 9.02, 2.75, 52.05, 2482, 2288.00, 6254, 56, 0, 5, 2.13, 8.30, 6.05, 31.00, 19.00, '2A'),
(217, 2023, 753509, 129.00, 4.89, 0.91, 3.99, 22.65, 30.89, 9.80, 19.40, 435785, 341562, 12.00, 9.00, 63.00, 4648, 4799.00, 42581, 555, 8, 61, 6.69, 16.78, 5.60, 38.00, 6.00, '30'),
(218, 2023, 1434268, 227.00, 13.81, 5.86, 7.95, 23.55, 22.44, 7.20, 13.30, 754396, 666916, 15.00, 7.00, 49.00, 15194, 14194.00, 96979, 3081, 117, 406, 2.55, 6.03, 6.32, 26.00, 11.00, '31'),
(219, 2023, 664189, 83.00, 4.52, 0.32, 4.20, 22.42, 28.70, 6.20, 13.20, 394760, 313368, 14.00, 10.00, 63.00, 3968, 5226.00, 44927, 695, 19, 199, 2.89, 10.47, 5.35, 37.00, 14.00, '63'),
(220, 2022, 1203899, 194.00, 13.36, 2.38, 10.98, 23.00, 28.00, 10.90, 18.70, 739737, 551782, 12.00, 7.00, 48.00, 11640, 11938.00, 67668, 2027, 0, 74, 1.20, 11.90, 5.92, 27.00, 5.00, '34'),
(221, 2023, 605211, 88.00, 1.82, -3.24, 5.07, 22.11, 33.92, 6.20, 12.10, 366683, 275171, 9.00, 9.00, 82.00, 3315, 4494.00, 23791, 468, 3, 29, 1.41, 24.81, 5.10, 32.00, 12.00, '22'),
(222, 2023, 535275, 61.00, 1.78, 1.22, 0.56, 22.50, 27.99, 5.60, 11.50, 294776, 253171, 15.00, 9.00, 54.00, 3020, 3278.00, 37706, 692, 0, 49, 2.56, 11.19, 5.76, 36.00, 17.00, '21'),
(223, 2023, 412686, 46.00, -0.60, -5.91, 5.32, 18.79, 37.84, 7.10, 16.10, 262321, 197638, 7.00, 10.00, 84.00, 2009, 3228.00, 14405, 228, 104, 3, 3.89, 19.21, 5.26, 36.00, 17.00, '24'),
(224, 2022, 306224, 59.00, -0.26, 1.02, -1.29, 24.00, 29.00, 5.20, 11.00, 158083, 135257, 12.00, 9.00, 81.00, 1270, 1996.00, 15933, 111, 0, 91, 3.85, 31.43, 5.00, 38.00, 19.00, '53'),
(225, 2022, 356029, 319.00, -9.24, 1.78, -11.02, 21.00, 31.00, 12.90, 26.70, 214788, 166994, 20.49, 16.00, 62.00, 2679, 2838.00, 34210, 76417, 46, 0, 5.00, 0.00, 5.70, 26.00, NULL, '972'),
(226, 2021, 139866, 229.00, -2.13, 2.60, -4.73, 23.00, 27.00, 8.60, 14.50, 72929, 64708, 22.04, 9.79, 46.90, 516, 501.00, 14261, 34, 256, 16, 3.29, 8.48, 5.14, 43.00, 24.00, '90'),
(227, 2021, 542997, 103.00, 2.89, 3.94, -1.05, 24.00, 25.00, 7.20, 12.10, 282055, 245757, 15.33, 8.52, 51.17, 2969, 3177.00, 37678, 485, 250, 152, 2.90, 7.78, 5.58, 41.00, 23.00, '25'),
(228, 2021, 650757, 94.00, 4.57, -2.96, 7.53, 20.00, 35.00, 8.00, 12.80, 436869, 308933, 9.56, 7.15, 77.38, 5652, 7173.00, 29536, 614, 13, 63, 1.78, 23.53, 5.48, 33.00, 7.00, '17'),
(229, 2021, 829408, 141.00, 3.21, 4.95, -1.74, 26.00, 23.00, 8.00, 12.90, 376184, 340146, 19.83, 7.12, 66.82, 3464, 3223.00, 67459, 747, 16, 226, 1.34, 15.83, 5.53, 39.00, 27.00, '60'),
(230, 2021, 666274, 83.00, 5.37, 0.72, 4.65, 22.00, 28.00, 6.80, 13.20, 389711, 309808, 13.90, 10.36, 63.16, 3760, 4953.00, 43074, 495, 14, 140, 2.94, 14.10, 5.35, 37.00, 15.00, '63'),
(231, 2023, 421672, 46.00, 8.70, -2.23, 10.93, 20.77, 33.29, 6.80, 11.40, 265930, 193850, 8.00, 7.00, 73.00, 4302, 5878.00, 14697, 709, 0, 24, 1.82, 13.69, 5.40, 28.00, 6.00, '40'),
(232, 2023, 1413781, 5771.00, 6.00, 9.81, -3.81, 25.39, 20.75, 7.00, 16.60, 654340, 603696, 30.00, 6.00, 21.00, 9739, 13260.00, 181408, 2009, 298, 176, 1.96, 1.52, 6.82, 43.00, 14.00, '94'),
(233, 2023, 192159, 31.00, 1.73, -5.01, 6.74, 20.02, 36.10, 0.00, 15.00, 112134, 89745, 7.00, 10.00, 81.00, 827, 1083.00, 5890, 150, 116, 34, 2.09, 32.40, 5.08, 33.00, 8.00, '32'),
(234, 2022, 1267124, 1006.00, 7.35, 11.23, -3.88, 29.00, 20.00, 8.80, 17.00, 517063, 478885, 27.00, 6.00, 44.00, 7723, 6520.00, 127457, 1411, 2, 183, 2.77, 6.59, 6.58, 39.00, 14.00, '95'),
(235, 2021, 520531, 79.00, 7.39, 2.53, 4.86, 24.00, 28.00, 8.50, 14.80, 275726, 229776, 12.52, 8.63, 63.81, 3345, 3229.00, 28772, 503, 133, 84, 2.26, 17.31, 5.48, 34.00, 11.00, '26'),
(236, 2021, 687477, 102.00, 8.30, 0.18, 8.12, 22.00, 32.00, 6.20, 9.20, 426425, 301490, 7.95, 5.12, 83.57, 5345, 6544.00, 23964, 519, 25, 15, 3.16, 47.63, 5.11, 30.00, 13.00, '85'),
(237, 2021, 682187, 100.00, 3.98, 3.54, 0.43, 25.00, 26.00, 7.20, 13.20, 347107, 298950, 17.13, 9.15, 68.06, 3566, 3652.00, 51216, 502, 98, 148, 2.83, 24.55, 5.78, 35.00, 19.00, '45'),
(238, 2023, 2607335, 454.00, 1.09, 4.55, -3.46, 25.90, 23.54, 9.20, 18.40, 1241241, 1125260, 25.00, 8.00, 65.00, 12630, 15017.00, 278021, 3227, 350, 848, 1.19, 5.53, 5.71, 41.00, 22.00, '59'),
(239, 2022, 429083, 73.00, -0.31, 2.35, -2.66, 25.00, 28.00, 7.00, 11.80, 217440, 185213, 18.00, 9.00, 74.00, 1818, 2643.00, 32487, 323, 60, 82, 3.96, 22.89, 5.19, 39.00, 23.00, '28'),
(240, 2022, 767736, 217.00, 1.95, 2.17, -0.22, 23.00, 27.00, 7.80, 13.20, 382805, 335574, 15.00, 9.00, 52.00, 3976, 5416.00, 50172, 328, 223, 120, 3.15, 6.69, 5.67, 46.00, 23.00, '68'),
(241, 2022, 174282, 33.00, -0.27, -5.90, 5.63, 18.00, 39.00, 7.80, 14.90, 119499, 84516, 6.00, 11.00, 84.00, 872, 1145.00, 5262, 25, 7, 5, 2.58, 33.62, 5.36, 34.00, 13.00, '46'),
(242, 2022, 257906, 52.00, -1.30, -1.16, -0.13, 22.00, 31.00, 5.30, 11.20, 150475, 119974, 12.00, 10.00, 65.00, 932, 1192.00, 14160, 22, 1, 16, 4.88, 13.69, 4.82, 46.00, 26.00, '39'),
(243, 2021, 2044355, 401.00, 3.67, 4.37, -0.70, 23.00, 26.00, 9.20, 18.70, 1034043, 908790, 17.66, 7.55, 37.46, 12880, 12914.00, 160495, 2520, 367, 545, 2.32, 5.58, 5.86, 39.00, 7.00, '13'),
(244, 2021, 1442940, 211.00, 12.55, 4.43, 8.12, 25.00, 24.00, 6.70, 10.30, 752968, 631802, 14.42, 5.58, 61.08, 13413, 13632.00, 91132, 2546, 110, 382, 2.17, 14.35, 5.81, 31.00, 3.00, '44'),
(245, 2021, 153113, 31.00, 0.71, -3.14, 3.84, 20.00, 34.00, 9.90, 18.00, 110222, 72404, 5.00, 9.71, 79.65, 616, 632.00, 3619, 48, 0, 1, 4.15, 19.73, 5.01, 35.00, NULL, '9'),
(246, 2022, 350888, 59.00, -0.52, -2.86, 2.35, 20.00, 33.00, 7.50, 14.60, 198920, 165063, 10.00, 11.00, 83.00, 1264, 1629.00, 16153, 151, 45, 31, 3.21, 20.66, 5.20, 41.00, 12.00, '16'),
(247, 2021, 731533, 139.00, -0.09, 1.89, -1.99, 23.00, 26.00, 7.50, 15.40, 378055, 335359, 15.85, 9.30, 53.38, 2855, 3102.00, 53153, 574, 216, 437, 3.15, 11.15, 5.55, 41.00, 22.00, '54'),
(248, 2021, 115555, 20.00, -6.07, -8.59, 2.52, 17.00, 39.00, 7.00, 18.70, 88727, 57456, 9.65, 15.47, 86.48, 305, 192.00, 5542, 0, 24, 6, 9.06, 29.61, 4.57, 43.00, 27.00, '23'),
(249, 2023, 115050, 21.00, -6.13, -9.86, 3.73, 18.05, 39.51, 6.80, 18.30, 88769, 57088, 10.00, 16.00, 86.00, 231, 254.00, 5468, 16, 0, 24, 7.02, 35.78, 4.60, 46.00, 26.00, '23'),
(250, 2023, 440161, 63.00, 2.73, 0.27, 2.47, 23.06, 28.94, 5.80, 14.00, 243821, 206346, 13.00, 9.00, 74.00, 1858, 2552.00, 25893, 206, 72, 63, 3.53, 19.28, 5.39, 40.00, 18.00, '86'),
(251, 2023, 174907, 34.00, 0.09, -5.90, 5.98, 18.78, 38.69, 7.30, 14.90, 120123, 85214, 6.00, 11.00, 84.00, 858, 1069.00, 5360, 86, 10, 0, 5.02, 20.66, 5.38, 34.00, 16.00, '46'),
(252, 2023, 279571, 32.00, 1.36, -4.34, 5.70, 20.02, 35.44, 5.60, 14.00, 183702, 131850, 7.00, 11.00, 74.00, 1262, 1553.00, 8622, 132, 136, 9, 3.87, 29.60, 4.81, 39.00, 24.00, '12'),
(253, 2023, 1203908, 197.00, 13.36, 2.38, 10.98, 22.70, 28.07, 9.90, 18.70, 750002, 561618, 13.00, 7.00, 48.00, 11493, 10324.00, 70501, 2373, 590, 52, 1.74, 23.17, 5.96, 26.00, 5.00, '34'),
(254, 2022, 333042, 45.00, -2.83, -4.66, 1.83, 20.00, 36.00, 8.30, 15.30, 208863, 162717, 12.00, 15.00, 72.00, 870, 1065.00, 20200, 49, 187, 13, 6.08, 26.15, 5.22, 40.00, 20.00, '3'),
(255, 2021, 201755, 29.00, -8.12, -5.50, -2.62, 19.00, 38.00, 6.20, 15.70, 141622, 100743, 13.44, 13.77, 77.96, 440, 304.00, 13538, 37, 100, 23, 11.45, 16.39, 5.14, 44.00, 32.00, '58'),
(256, 2021, 528471, 71.00, -2.23, 1.23, -3.45, 24.00, 27.00, 11.00, 18.40, 266640, 231215, 17.57, 9.76, 75.66, 1431, 1205.00, 40635, 127, 38, 142, 4.95, 24.31, 5.28, 39.00, 37.00, '2'),
(257, 2021, 563536, 90.00, 0.00, 1.51, -1.50, 24.00, 29.00, 7.70, 13.10, 292627, 251958, 15.57, 9.22, 75.19, 1961, 1629.00, 39234, 230, 0, 64, 1.97, 23.92, 5.12, 38.00, 21.00, '72'),
(258, 2021, 261307, 70.00, 8.11, 0.98, 7.14, 24.00, 29.00, 9.20, 17.00, 132602, 111851, 7.76, 9.88, 78.51, 1383, 1436.00, 8684, 246, 0, 4, 2.74, 38.24, 5.46, 31.00, 20.00, '82'),
(259, 2023, 1462506, 215.00, 12.82, 4.43, 8.39, 24.87, 24.59, 5.50, 10.00, 776207, 652200, 15.00, 6.00, 61.00, 12605, 11325.00, 95142, 2210, 330, 289, 1.86, 32.42, 5.86, 32.00, 3.00, '44'),
(260, 2023, 311831, 52.00, 2.58, 0.48, 2.10, 24.46, 28.30, 9.40, 16.20, 166928, 143058, 23.00, 9.00, 66.00, 1275, 1389.00, 32198, 337, 1, 145, 3.31, 15.71, 5.50, 40.00, 25.00, '10'),
(261, 2023, 76593, 15.00, -0.73, -5.01, 4.28, 20.80, 33.20, 4.60, 14.90, 61734, 35638, 8.00, 10.00, 78.00, 353, 422.00, 3003, 5, 7, 0, 4.56, 23.44, 5.22, 38.00, 39.00, '48'),
(262, 2023, 257991, 52.00, -1.26, -1.16, -0.10, 22.26, 31.27, 5.20, 11.20, 151009, 120467, 12.00, 10.00, 65.00, 966, 1420.00, 14146, 60, 23, 23, 3.74, 20.46, 4.85, 47.00, 30.00, '39'),
(263, 2023, 138976, 228.00, -3.05, 1.92, -4.97, 23.74, 27.09, 8.10, 14.80, 73384, 64329, 22.00, 11.00, 47.00, 476, 537.00, 13969, 42, 171, 68, 6.45, 31.73, 5.17, 45.00, 23.00, '90'),
(264, 2023, 830560, 142.00, 3.09, 4.77, -1.68, 26.28, 23.66, 7.20, 12.80, 380003, 343834, 20.00, 7.00, 67.00, 3373, 4669.00, 68368, 736, 13, 282, 1.35, 2.48, 5.66, 40.00, 25.00, '60'),
(265, 2022, 483558, 116.00, 6.86, -2.32, 9.18, 21.00, 34.00, 12.30, 20.70, 355661, 226760, 11.00, 8.00, 56.00, 3732, 3899.00, 25428, 510, 23, 26, 4.10, 20.95, 5.51, 29.00, 1.00, '66'),
(266, 2021, 913187, 135.00, 1.73, -1.32, 3.05, 22.00, 30.00, 6.60, 10.60, 545808, 430088, 11.15, 7.54, 73.21, 4966, 5318.00, 47934, 634, 63, 28, 2.70, 25.08, 5.38, 33.00, 12.00, '29'),
(267, 2023, 1282526, 173.00, 5.54, 4.91, 0.63, 25.19, 24.85, 5.70, 11.30, 665362, 558572, 17.00, 8.00, 49.00, 9173, 10637.00, 93330, 1565, 81, 278, 2.56, 22.89, 6.06, 36.00, 22.00, '38'),
(268, 2022, 766473, 160.00, 2.33, 1.55, 0.77, 24.00, 29.00, 7.60, 15.00, 401112, 343335, 17.00, 10.00, 51.00, 3253, 4501.00, 59993, 391, 192, 193, 5.63, 7.69, 5.19, 44.00, 19.00, '42'),
(269, 2022, 310804, 52.00, 2.24, 0.48, 1.76, 24.00, 28.00, 10.00, 16.20, 166101, 142246, 22.00, 10.00, 66.00, 1290, 1314.00, 32002, 184, 198, 156, 2.94, 23.99, 5.42, 39.00, 24.00, '10');
INSERT INTO `statistique_logement` (`id`, `annee_publication`, `nombre_habitants`, `densite_population`, `variation_population_10_ans`, `contribution_solde_naturel`, `contribution_solde_migratoire`, `pourcentage_moins_20_ans`, `pourcentage_plus_60_ans`, `taux_chomage_t4`, `taux_pauvrete`, `nombre_logements`, `nombre_residences_principales`, `taux_logements_sociaux`, `taux_logements_vacants`, `taux_logements_individuels`, `moyenne_annuelle_construction_neuve_10_ans`, `construction`, `parc_social_nombre_logements`, `parc_social_logements_mis_location`, `parc_social_logements_demolis`, `parc_social_ventes_personnes_physiques`, `parc_social_taux_logements_vacants`, `parc_social_taux_logements_individuels`, `parc_social_loyer_moyen`, `parc_social_age_moyen`, `parc_social_taux_logements_energivores`, `code_departement`) VALUES
(270, 2022, 1425072, 5762.00, 6.85, 9.81, -2.96, 26.00, 21.00, 7.70, 16.60, 647289, 598392, 30.00, 6.00, 21.00, 9276, 8314.00, 179474, 2157, 171, 368, 2.49, 1.52, 6.94, 42.00, 12.00, '94'),
(271, 2022, 919983, 136.00, 2.24, -1.90, 4.14, 22.00, 31.00, 6.60, 11.00, 549039, 433090, 11.00, 7.00, 73.00, 5178, 7858.00, 48430, 566, 0, 94, 2.86, 25.14, 5.44, 33.00, 9.00, '29'),
(272, 2022, 751840, 128.00, 4.66, 0.91, 3.76, 23.00, 31.00, 10.60, 19.40, 431684, 338732, 12.00, 8.00, 63.00, 4652, 5818.00, 42004, 669, 300, 52, 5.15, 12.96, 5.55, 38.00, 3.00, '30'),
(273, 2021, 174146, 33.00, -0.25, -4.91, 4.66, 18.00, 38.00, 7.80, 15.00, 118998, 84060, 6.25, 10.79, 83.52, 889, 792.00, 5257, 107, 0, 10, 4.08, 33.67, 5.28, 33.00, 17.00, '46'),
(274, 2021, 599271, 87.00, 1.29, -2.41, 3.70, 22.00, 33.00, 6.80, 11.70, 369601, 277289, 8.33, 8.79, 82.23, 3317, 3021.00, 23091, 448, 80, 18, 2.44, 41.52, 5.05, 31.00, 13.00, '22'),
(275, 2021, 2601802, 453.00, 0.97, 4.73, -3.76, 26.00, 23.00, 9.80, 19.10, 1224589, 1111650, 24.45, 7.65, 65.98, 12975, 12261.00, 271808, 2550, 540, 720, 1.13, 35.77, 5.69, 40.00, 24.00, '59'),
(276, 2023, 328271, 52.00, -0.91, -1.63, 0.72, 22.40, 32.48, 5.90, 12.50, 185591, 150678, 14.00, 11.00, 80.00, 1157, 1524.00, 21510, 103, 48, 41, 2.85, 30.28, 4.91, 38.00, 22.00, '41'),
(277, 2021, 184659, 39.00, 12.32, -0.34, 12.66, 20.00, 29.00, 7.30, 20.60, 132077, 80642, 10.70, 3.39, 50.93, 2298, 2302.00, 8632, 186, 9, 5, 1.92, 10.94, 5.53, 34.00, 14.00, '2B'),
(278, 2021, 1628798, 9254.00, 3.58, 9.01, -5.43, 24.00, 20.00, 6.80, 11.90, 801736, 719924, 28.11, 6.48, 11.30, 10733, 12035.00, 202385, 1883, 221, 454, 1.92, 0.91, 6.98, 45.00, 17.00, '92'),
(279, 2021, 1088178, 253.00, 0.88, 0.50, 0.38, 21.00, 31.00, 8.90, 15.80, 772316, 512562, 11.17, 8.37, 23.71, 7226, 6794.00, 57228, 1609, 38, 362, 1.57, 2.08, 6.61, 32.00, 6.00, '6'),
(280, 2021, 657907, 114.00, 10.14, 4.07, 6.07, 25.00, 24.00, 6.00, 10.30, 317983, 274538, 16.99, 8.13, 63.29, 5552, 4697.00, 46649, 1178, 108, 142, 3.44, 17.14, 5.81, 30.00, 36.00, '1'),
(281, 2021, 258766, 51.00, -1.06, -0.41, -0.65, 22.00, 31.00, 5.40, 11.80, 150169, 119876, 11.79, 9.85, 65.03, 950, 932.00, 14131, 40, 0, 19, 5.71, 13.53, 4.77, 45.00, 33.00, '39'),
(282, 2021, 306123, 59.00, -0.07, 1.63, -1.70, 24.00, 29.00, 5.30, 11.50, 157551, 134870, 11.91, 9.13, 80.62, 1193, 1522.00, 16069, 150, 28, 60, 4.29, 31.70, 4.93, 36.00, 25.00, '53'),
(283, 2023, 823052, 115.00, 4.14, 3.26, 0.88, 25.03, 26.93, 6.30, 11.10, 403157, 363872, 18.00, 7.00, 70.00, 4457, 5520.00, 66407, 594, 298, 363, 1.51, 40.24, 5.41, 36.00, 12.00, '49'),
(284, 2023, 329989, 62.00, -0.27, -2.70, 2.44, 21.29, 34.23, 7.30, 16.80, 188120, 154157, 7.00, 12.00, 80.00, 1284, 1982.00, 11450, 235, 2, 72, 1.29, 39.87, 5.24, 34.00, 9.00, '47'),
(285, 2023, 659379, 96.00, 5.39, -3.91, 9.30, 19.95, 35.92, 6.70, 12.40, 445578, 315325, 10.00, 7.00, 77.00, 5539, 6940.00, 30288, 669, 0, 80, 1.91, 11.90, 5.54, 34.00, 5.00, '17'),
(286, 2022, 439635, 63.00, 2.61, 0.27, 2.34, 23.00, 29.00, 6.30, 14.00, 242907, 205392, 13.00, 10.00, 74.00, 1891, 2474.00, 25828, 162, 3, 63, 3.80, 30.28, 5.38, 39.00, 18.00, '86'),
(287, 2022, 377856, 233.00, -6.62, 3.90, -10.52, 24.00, 28.00, 17.20, NULL, 231840, 173432, 21.45, 15.00, 75.00, 3146, 2203.00, 37202, 90174, 84, 0, 6.00, 6.00, 6.30, 21.00, NULL, '971'),
(288, 2023, 268216, 51.00, -5.26, -0.65, -4.61, 23.27, 29.43, 9.20, 18.30, 143402, 121551, 20.00, 12.00, 71.00, 623, 700.00, 24330, 134, 89, 50, 3.64, 56.58, 4.93, 42.00, 18.00, '8'),
(289, 2023, 1308892, 726.00, 6.83, 9.50, -2.67, 26.99, 21.12, 6.30, 13.20, 577712, 529134, 24.00, 7.00, 46.00, 8879, 8105.00, 129387, 2013, 101, 129, 2.13, 4.66, 6.50, 37.00, 15.00, '91'),
(290, 2023, 1094127, 183.00, 8.04, -1.04, 9.08, 20.50, 33.72, 7.20, 15.30, 735547, 508199, 11.00, 6.00, 46.00, 8782, 9093.00, 55138, 1560, 10, 40, 3.13, 20.49, 5.81, 32.00, 3.00, '83'),
(291, 2023, 330012, 60.00, 4.01, -2.09, 6.10, 21.69, 33.04, 7.90, 14.30, 207922, 150578, 9.00, 10.00, 75.00, 2061, 2581.00, 13924, 223, 0, 42, 3.53, 7.80, 5.24, 36.00, 25.00, '7'),
(292, 2023, 1254334, 200.00, 0.24, 2.41, -2.17, 24.14, 27.11, 7.50, 14.60, 653680, 574349, 26.00, 8.00, 56.00, 6436, 6791.00, 148411, 1204, 1055, 480, 2.10, 18.42, 5.49, 42.00, 17.00, '76'),
(293, 2022, 329848, 62.00, -0.31, -2.70, 2.39, 21.00, 34.00, 7.90, 16.80, 187058, 153387, 7.00, 12.00, 80.00, 1239, 1717.00, 11297, 133, 22, 47, 2.25, 29.65, 5.24, 33.00, 4.00, '47'),
(294, 2022, 1899599, 579.00, 8.91, 7.98, 0.93, 25.00, 22.00, 7.10, 14.10, 937544, 838931, 21.00, 7.00, 29.00, 13208, 11737.00, 179353, 3121, 574, 444, 2.07, 3.46, 6.19, 41.00, 15.00, '69'),
(295, 2021, 227878, 45.00, 1.73, -1.68, 3.41, 22.00, 32.00, 6.10, 12.10, 143699, 102719, 8.05, 12.40, 77.59, 982, 779.00, 8265, 28, 1, 34, 7.05, 19.29, 5.23, 39.00, 30.00, '43'),
(296, 2022, 153197, 31.00, 0.60, -3.96, 4.56, 20.00, 35.00, 9.80, 17.90, 110526, 72667, 5.00, 10.00, 80.00, 587, 873.00, 3624, 2, 0, 0, 4.06, 19.73, 5.06, 36.00, 0.00, '9'),
(297, 2022, 492667, 83.00, -1.37, -2.16, 0.78, 21.00, 33.00, 5.60, 11.40, 299656, 229482, 17.00, 8.00, 80.00, 2028, 2596.00, 37866, 51, 0, 7, 2.88, 40.24, 4.75, 43.00, 33.00, '50'),
(298, 2021, 361749, 61.00, -4.73, -1.62, -3.11, 21.00, 32.00, 8.20, 15.40, 214363, 169386, 14.35, 11.27, 64.96, 1176, 1008.00, 24305, 51, 86, 56, 4.25, 14.49, 4.75, 43.00, 30.00, '88'),
(299, 2021, 1143364, 240.00, 4.33, 3.43, 0.90, 22.00, 25.00, 6.90, 13.70, 561561, 499905, 13.74, 7.83, 46.01, 7738, 7084.00, 68678, 1381, 148, 61, 3.12, 4.17, 5.92, 43.00, 22.00, '67'),
(300, 2022, 1636156, 9255.00, 3.45, 9.25, -5.80, 25.00, 21.00, 6.60, 11.90, 807711, 724639, 28.00, 6.00, 11.00, 11364, 11229.00, 203659, 1683, 160, 358, 2.59, 0.91, 7.17, 46.00, 12.00, '92');

-- --------------------------------------------------------

--
-- Structure de la table `user`
--

CREATE TABLE `user` (
  `id` int(11) NOT NULL,
  `email` varchar(180) NOT NULL,
  `roles` longtext CHARACTER SET utf8mb4 COLLATE utf8mb4_bin NOT NULL CHECK (json_valid(`roles`)),
  `password` varchar(255) NOT NULL,
  `first_name` varchar(255) DEFAULT NULL,
  `last_name` varchar(255) DEFAULT NULL
) ENGINE=InnoDB DEFAULT CHARSET=utf8mb4 COLLATE=utf8mb4_general_ci;

--
-- Déchargement des données de la table `user`
--

INSERT INTO `user` (`id`, `email`, `roles`, `password`, `first_name`, `last_name`) VALUES
(2, 'mailysborel@test.com', '[\"ROLE_USER\"]', '$2y$13$jidplEM91RmKF3PHiTaWYOdEK77rASDfhGZKNJzYlRraFAsce/JxG', 'borel', 'mailys'),
(3, 'test@test.com', '[\"ROLE_USER\"]', '$2y$13$2fzXUOmB0kyQlJqMqIN91OllFr86sqp33nJxE8HQc5eI5kBTDdBf.', 'Maxime', 'monnerat');

--
-- Index pour les tables déchargées
--

--
-- Index pour la table `departement`
--
ALTER TABLE `departement`
  ADD PRIMARY KEY (`code`),
  ADD KEY `IDX_C1765B6370E4A9D4` (`code_region`);

--
-- Index pour la table `doctrine_migration_versions`
--
ALTER TABLE `doctrine_migration_versions`
  ADD PRIMARY KEY (`version`);

--
-- Index pour la table `messenger_messages`
--
ALTER TABLE `messenger_messages`
  ADD PRIMARY KEY (`id`),
  ADD KEY `IDX_75EA56E0FB7336F0E3BD61CE16BA31DBBF396750` (`queue_name`,`available_at`,`delivered_at`,`id`);

--
-- Index pour la table `region`
--
ALTER TABLE `region`
  ADD PRIMARY KEY (`code`);

--
-- Index pour la table `statistique_logement`
--
ALTER TABLE `statistique_logement`
  ADD PRIMARY KEY (`id`),
  ADD KEY `IDX_57E380458837B2D3` (`code_departement`);

--
-- Index pour la table `user`
--
ALTER TABLE `user`
  ADD PRIMARY KEY (`id`),
  ADD UNIQUE KEY `UNIQ_IDENTIFIER_EMAIL` (`email`);

--
-- AUTO_INCREMENT pour les tables déchargées
--

--
-- AUTO_INCREMENT pour la table `messenger_messages`
--
ALTER TABLE `messenger_messages`
  MODIFY `id` bigint(20) NOT NULL AUTO_INCREMENT;

--
-- AUTO_INCREMENT pour la table `statistique_logement`
--
ALTER TABLE `statistique_logement`
  MODIFY `id` int(11) NOT NULL AUTO_INCREMENT, AUTO_INCREMENT=301;

--
-- AUTO_INCREMENT pour la table `user`
--
ALTER TABLE `user`
  MODIFY `id` int(11) NOT NULL AUTO_INCREMENT, AUTO_INCREMENT=4;

--
-- Contraintes pour les tables déchargées
--

--
-- Contraintes pour la table `departement`
--
ALTER TABLE `departement`
  ADD CONSTRAINT `FK_C1765B6370E4A9D4` FOREIGN KEY (`code_region`) REFERENCES `region` (`code`);

--
-- Contraintes pour la table `statistique_logement`
--
ALTER TABLE `statistique_logement`
  ADD CONSTRAINT `FK_57E380458837B2D3` FOREIGN KEY (`code_departement`) REFERENCES `departement` (`code`);
COMMIT;

/*!40101 SET CHARACTER_SET_CLIENT=@OLD_CHARACTER_SET_CLIENT */;
/*!40101 SET CHARACTER_SET_RESULTS=@OLD_CHARACTER_SET_RESULTS */;
/*!40101 SET COLLATION_CONNECTION=@OLD_COLLATION_CONNECTION */;
